"(u'Liquid Hungrybox',)","(u'[A] Armada',)","(u'C9 Mang0',)","(u'PG Plup',)","(u'MVG FOX Mew2King',)","(u'TSM RB Leffen',)","(u'Tempo Axe',)","(u'CLG. SFAT',)","(u'Frys Wizzrobe',)","(u'Tempo S2J',)","(u'Liquid ChuDat',)","(u'Balance Druggedfox',)","(u'Lucky',)","(u'IMT Shroomed',)","(u'MSF La Luna',)","(u'G2 Westballz',)","(u'Duck',)","(u'EGtv Crush',)","(u'RNG Swedish Delight',)","(u'EMG n0ne',)","(u'HugS',)","(u'Zain',)","(u'CLG. PewPewU',)","(u'VGBC aMSa',)","(u'beast coast MikeHaze',)","(u'KirbyKaze',)","(u'ERG Ryan Ford',)","(u'dizzkidboogie',)","(u'lloD',)","(u'El Fuego',)","(u'SS Colbol',)","(u'KJH',)","(u'vL Trif',)","(u'Slox',)","(u'LG Ice',)","(u'Balance Syrox',)","(u'Bladewise',)","(u'Asterion Amsah',)","(u'SPY Nintendude',)","(u'Prince F. Abu',)","(u'Professor Pro',)","(u'VGBC Rishi',)","(u'Hax',)","(u'Kage',)","(u'GHQ Kels',)","(u'Medz',)","(u'[A] Android',)","(u'Ginger',)","(u'20GX Gahtzu',)","(u'Captain Smuckers',)","(u'Laudandus',)","(u'Abate',)","(u'FatGoku',)","(u'Top Shelf ARMY',)","(u'Captain Faceroll',)","(u'Darkatma',)","(u'Rocky',)","(u'Cactuar',)","(u'Liquid Chillindude',)","(u'Drunksloth',)","(u'homemadewaffles',)","(u'Azusa',)","(u'Squid',)","(u'Rik',)","(u'iBDW',)","(u'DJ Nintendo',)","(u'VGz Junebug',)","(u'Sloth Darktooth',)","(u'Moky',)","(u'Legend',)","(u'AbsentPage',)","(u'Drephen',)","(u'k Cal',)","(u'Redd',)","(u'Kaeon',)","(u'MVG | King Momo',)","(u'HTC Mafia',)","(u'RCS KPAN',)","(u'SPY MacD',)","(u'Entropy Luigi Ka-Master',)","(u'Iceman',)","(u'Mojo',)","(u'Spark',)","(u'Spire Reeve',)","(u'Bobby Frizz',)","(u'Jerry',)","(u'Kalamazhu',)","(u'TGL Blea Gelo',)","(u'OES MilkMan',)","(u'Zealous5000',)","(u'L',)","(u'Trulliam',)","(u'MKSF Ryobeat',)","(u'mayb',)","(u'Sharkz',)","(u'BOXR Zhu',)","(u'Bananas',)","(u'Zgetto',)","(u'lovage805',)","(u'EMG Nightmare',)"
"Liquid Hungrybox","x","1 & 3","3 & 5","6 & 4","8 & 6","4 & 3","2 & 0","3 & 1","4 & 2","3 & 0","3 & 0","4 & 0","4 & 1","1 & 0","2 & 0","3 & 0","5 & 0","1 & 0","3 & 0","2 & 0","4 & 0","2 & 0","2 & 0","0 & 0","0 & 0","2 & 0","1 & 0","0 & 0","0 & 0","0 & 0","4 & 0","0 & 0","0 & 0","1 & 0","0 & 0","1 & 0","1 & 0","0 & 0","1 & 0","1 & 0","1 & 0","0 & 0","1 & 0","0 & 0","0 & 0","0 & 0","0 & 0","1 & 0","1 & 0","2 & 0","0 & 0","1 & 0","0 & 0","1 & 0","0 & 0","1 & 0","0 & 0","0 & 0","0 & 0","1 & 0","0 & 0","0 & 0","0 & 0","1 & 0","0 & 0","0 & 0","1 & 0","0 & 0","0 & 0","0 & 0","0 & 0","0 & 0","0 & 0","0 & 0","0 & 0","2 & 0","0 & 0","0 & 0","0 & 0","0 & 0","0 & 0","0 & 0","0 & 0","0 & 0","0 & 0","0 & 0","0 & 0","0 & 0","0 & 0","0 & 0","0 & 0","0 & 0","0 & 0","1 & 0","0 & 0","0 & 0","0 & 0","0 & 0","0 & 0","1 & 0"
"[A] Armada","3 & 1","x","5 & 2","0 & 0","2 & 0","5 & 1","1 & 0","0 & 0","0 & 0","2 & 0","3 & 0","1 & 0","1 & 0","1 & 0","0 & 0","2 & 0","2 & 0","0 & 0","0 & 0","0 & 0","1 & 0","0 & 0","0 & 0","0 & 0","0 & 0","0 & 0","0 & 0","1 & 0","0 & 0","0 & 0","0 & 0","2 & 0","1 & 0","0 & 0","1 & 0","0 & 0","0 & 0","2 & 0","0 & 0","0 & 0","1 & 0","0 & 0","0 & 0","0 & 0","0 & 0","0 & 0","0 & 0","1 & 0","0 & 0","0 & 0","0 & 0","0 & 0","1 & 0","0 & 0","0 & 0","0 & 0","0 & 0","0 & 0","0 & 0","0 & 0","0 & 0","0 & 0","0 & 0","0 & 0","0 & 0","2 & 0","0 & 0","0 & 0","0 & 0","0 & 0","0 & 0","0 & 0","0 & 0","0 & 0","0 & 0","0 & 0","0 & 0","0 & 0","1 & 0","0 & 0","0 & 0","0 & 0","0 & 0","0 & 0","0 & 0","0 & 0","0 & 0","0 & 0","0 & 0","0 & 0","0 & 0","0 & 0","0 & 0","0 & 0","0 & 0","0 & 0","0 & 0","1 & 0","0 & 0","0 & 0"
"C9 Mang0","5 & 3","2 & 5","x","2 & 1","3 & 1","2 & 1","1 & 2","1 & 0","2 & 0","1 & 0","1 & 3","1 & 0","1 & 0","1 & 0","1 & 0","0 & 0","1 & 0","1 & 0","1 & 0","0 & 0","1 & 0","0 & 0","2 & 0","0 & 0","1 & 0","1 & 0","0 & 0","0 & 0","0 & 0","0 & 0","0 & 0","0 & 0","0 & 0","0 & 0","2 & 0","0 & 0","0 & 0","0 & 0","1 & 0","1 & 0","0 & 0","0 & 0","0 & 0","0 & 0","0 & 1","0 & 0","0 & 0","0 & 0","0 & 0","1 & 0","0 & 0","0 & 0","0 & 0","0 & 0","0 & 0","0 & 0","0 & 0","0 & 0","0 & 0","0 & 1","1 & 0","0 & 0","0 & 0","1 & 0","0 & 0","0 & 0","0 & 0","1 & 0","0 & 0","0 & 0","0 & 0","0 & 0","0 & 0","0 & 0","0 & 0","1 & 0","1 & 0","0 & 0","0 & 0","0 & 0","0 & 0","0 & 0","0 & 0","0 & 0","0 & 0","0 & 0","0 & 0","0 & 0","0 & 0","0 & 0","0 & 0","0 & 0","1 & 0","0 & 0","0 & 0","0 & 0","0 & 0","0 & 0","0 & 0","0 & 0"
"PG Plup","4 & 6","0 & 0","1 & 2","x","1 & 5","3 & 1","3 & 0","2 & 1","2 & 0","2 & 1","1 & 0","1 & 0","0 & 0","0 & 2","2 & 0","3 & 0","2 & 0","0 & 0","1 & 1","1 & 0","0 & 0","1 & 0","1 & 0","0 & 0","0 & 0","0 & 0","2 & 0","1 & 1","0 & 0","0 & 0","2 & 0","0 & 0","1 & 0","0 & 0","0 & 0","1 & 0","0 & 0","0 & 0","2 & 0","0 & 1","0 & 0","0 & 0","0 & 0","0 & 0","0 & 0","0 & 0","0 & 0","1 & 0","1 & 0","0 & 0","0 & 0","0 & 0","0 & 0","1 & 0","0 & 0","0 & 0","0 & 0","0 & 0","0 & 0","1 & 0","0 & 0","0 & 0","1 & 0","0 & 0","1 & 0","0 & 0","0 & 0","1 & 0","0 & 0","0 & 0","2 & 0","0 & 0","0 & 0","1 & 0","0 & 1","0 & 0","0 & 0","0 & 0","0 & 0","0 & 0","0 & 0","0 & 0","1 & 0","0 & 0","0 & 0","0 & 0","0 & 0","0 & 0","0 & 0","0 & 0","0 & 0","0 & 0","0 & 0","0 & 0","0 & 0","0 & 0","0 & 0","0 & 0","0 & 0","0 & 0"
"MVG FOX Mew2King","6 & 8","0 & 2","1 & 3","5 & 1","x","3 & 1","3 & 1","3 & 2","3 & 1","2 & 1","1 & 3","1 & 0","1 & 0","2 & 0","3 & 0","3 & 0","0 & 0","0 & 0","0 & 0","0 & 1","2 & 0","1 & 0","3 & 0","1 & 0","2 & 0","1 & 0","1 & 0","0 & 0","0 & 0","0 & 0","3 & 0","0 & 0","0 & 0","0 & 0","1 & 0","0 & 0","1 & 0","0 & 0","0 & 0","0 & 0","0 & 0","1 & 0","0 & 0","0 & 0","0 & 0","0 & 0","0 & 0","0 & 0","0 & 0","0 & 0","0 & 0","0 & 0","0 & 0","0 & 0","0 & 0","0 & 0","0 & 0","0 & 0","1 & 0","1 & 0","0 & 0","0 & 0","1 & 0","0 & 0","0 & 0","0 & 0","0 & 0","0 & 0","0 & 0","0 & 0","0 & 0","0 & 0","0 & 0","0 & 0","0 & 0","1 & 0","0 & 0","0 & 0","1 & 0","1 & 0","0 & 0","0 & 0","0 & 0","0 & 0","0 & 0","0 & 0","0 & 0","0 & 0","1 & 0","0 & 0","0 & 0","0 & 0","1 & 0","0 & 0","0 & 0","1 & 0","1 & 0","0 & 0","0 & 0","0 & 0"
"TSM RB Leffen","3 & 4","1 & 5","1 & 2","1 & 3","1 & 3","x","3 & 0","2 & 2","0 & 0","2 & 0","2 & 0","1 & 1","1 & 0","2 & 0","1 & 1","2 & 0","1 & 1","2 & 0","0 & 0","2 & 0","1 & 0","0 & 1","3 & 0","0 & 0","0 & 0","0 & 0","1 & 0","0 & 0","1 & 0","0 & 0","0 & 0","0 & 0","1 & 0","0 & 0","2 & 0","0 & 0","0 & 0","2 & 0","0 & 0","0 & 0","1 & 0","0 & 0","0 & 0","0 & 0","0 & 0","0 & 0","1 & 0","0 & 0","1 & 0","0 & 0","0 & 0","0 & 0","0 & 0","1 & 0","0 & 0","0 & 0","0 & 0","0 & 0","0 & 0","0 & 0","0 & 0","0 & 0","0 & 0","0 & 0","0 & 0","0 & 0","0 & 0","0 & 0","0 & 0","0 & 0","0 & 0","0 & 0","0 & 0","0 & 0","0 & 0","0 & 0","0 & 0","0 & 0","2 & 0","0 & 0","0 & 0","0 & 0","0 & 0","0 & 0","0 & 0","0 & 0","0 & 0","0 & 0","0 & 0","0 & 0","0 & 0","0 & 0","0 & 0","0 & 0","0 & 0","0 & 0","0 & 0","0 & 0","0 & 0","0 & 0"
"Tempo Axe","0 & 2","0 & 1","2 & 1","0 & 3","1 & 3","0 & 3","x","3 & 5","1 & 0","2 & 0","0 & 1","1 & 1","1 & 0","4 & 0","3 & 0","0 & 0","2 & 3","1 & 0","1 & 2","1 & 0","1 & 0","0 & 0","1 & 0","0 & 0","0 & 0","1 & 0","0 & 0","0 & 0","1 & 0","1 & 0","2 & 0","1 & 0","0 & 0","0 & 0","1 & 0","0 & 0","1 & 0","0 & 0","0 & 0","1 & 0","0 & 0","1 & 0","0 & 0","0 & 0","1 & 0","4 & 2","1 & 0","0 & 0","1 & 0","1 & 0","0 & 0","0 & 0","0 & 0","0 & 0","0 & 0","0 & 0","0 & 0","0 & 0","0 & 0","0 & 0","1 & 0","0 & 0","0 & 0","0 & 0","0 & 0","0 & 0","0 & 0","0 & 0","0 & 0","0 & 0","0 & 0","0 & 0","1 & 0","0 & 0","1 & 0","0 & 0","0 & 0","0 & 0","0 & 0","0 & 0","0 & 0","0 & 0","0 & 0","0 & 0","0 & 0","1 & 0","0 & 0","1 & 0","0 & 0","0 & 0","0 & 0","0 & 0","0 & 0","0 & 0","0 & 0","0 & 0","0 & 0","0 & 0","0 & 0","0 & 0"
"CLG. SFAT","1 & 3","0 & 0","0 & 1","1 & 2","2 & 3","2 & 2","5 & 3","x","0 & 3","1 & 1","3 & 1","1 & 2","3 & 3","3 & 0","3 & 3","4 & 5","2 & 1","1 & 0","4 & 0","2 & 0","2 & 1","2 & 1","4 & 1","0 & 0","0 & 1","1 & 0","0 & 0","3 & 1","0 & 0","0 & 0","0 & 0","0 & 0","0 & 0","0 & 1","1 & 0","3 & 0","0 & 0","0 & 0","2 & 0","1 & 0","1 & 0","0 & 0","0 & 0","0 & 0","0 & 0","0 & 0","1 & 0","1 & 0","0 & 0","0 & 0","1 & 0","0 & 0","0 & 0","2 & 0","0 & 0","0 & 0","0 & 1","0 & 1","2 & 0","1 & 0","0 & 0","2 & 0","0 & 0","0 & 0","0 & 0","0 & 0","1 & 0","0 & 0","0 & 0","0 & 0","1 & 0","1 & 0","0 & 0","0 & 0","0 & 0","0 & 0","1 & 0","0 & 0","1 & 0","0 & 0","0 & 0","0 & 0","0 & 0","0 & 0","0 & 0","0 & 0","0 & 0","0 & 0","0 & 0","0 & 0","0 & 0","0 & 0","0 & 0","0 & 0","0 & 0","0 & 0","0 & 0","0 & 0","0 & 0","0 & 0"
"Frys Wizzrobe","2 & 4","0 & 0","0 & 2","0 & 2","1 & 3","0 & 0","0 & 1","3 & 0","x","0 & 0","1 & 1","4 & 0","1 & 1","0 & 1","2 & 0","0 & 1","1 & 0","0 & 0","1 & 0","0 & 0","1 & 0","0 & 0","0 & 0","0 & 0","1 & 0","0 & 0","0 & 0","0 & 0","1 & 0","0 & 0","0 & 2","1 & 0","0 & 0","0 & 0","0 & 0","1 & 0","0 & 0","0 & 0","0 & 0","0 & 0","0 & 0","1 & 0","0 & 0","0 & 0","0 & 0","1 & 0","0 & 0","0 & 0","1 & 0","0 & 0","1 & 0","0 & 0","0 & 0","0 & 0","0 & 0","0 & 0","0 & 0","0 & 0","1 & 0","0 & 0","0 & 0","0 & 0","0 & 0","0 & 0","0 & 0","1 & 0","0 & 0","0 & 0","0 & 0","0 & 0","0 & 0","1 & 0","0 & 0","0 & 0","0 & 0","0 & 0","1 & 0","2 & 0","0 & 0","0 & 0","0 & 0","0 & 0","0 & 0","0 & 0","0 & 0","0 & 0","0 & 0","0 & 0","0 & 0","0 & 0","0 & 0","0 & 0","0 & 0","0 & 0","0 & 0","0 & 0","0 & 0","1 & 0","0 & 0","0 & 0"
"Tempo S2J","0 & 3","0 & 2","0 & 1","1 & 2","1 & 2","0 & 2","0 & 2","1 & 1","0 & 0","x","0 & 1","1 & 2","0 & 4","2 & 3","0 & 3","1 & 3","1 & 0","0 & 0","1 & 1","2 & 1","7 & 1","1 & 0","1 & 1","0 & 0","3 & 1","0 & 0","0 & 0","1 & 1","0 & 0","0 & 0","2 & 0","0 & 0","1 & 0","0 & 0","2 & 0","0 & 0","0 & 2","1 & 0","2 & 0","0 & 1","2 & 0","0 & 0","0 & 0","0 & 0","1 & 0","0 & 0","0 & 0","0 & 0","0 & 0","1 & 0","0 & 0","0 & 0","0 & 0","7 & 0","3 & 0","0 & 0","0 & 0","0 & 0","1 & 0","0 & 0","0 & 0","0 & 0","1 & 1","0 & 0","0 & 0","0 & 0","0 & 0","0 & 0","0 & 0","0 & 0","0 & 0","0 & 0","1 & 0","0 & 0","0 & 0","0 & 0","0 & 0","0 & 0","3 & 0","2 & 0","0 & 0","0 & 0","0 & 0","0 & 0","0 & 0","0 & 0","0 & 0","0 & 0","0 & 0","0 & 0","0 & 0","0 & 0","0 & 0","0 & 0","0 & 0","0 & 0","1 & 0","0 & 0","0 & 0","0 & 0"
"Liquid ChuDat","0 & 3","0 & 3","3 & 1","0 & 1","3 & 1","0 & 2","1 & 0","1 & 3","1 & 1","1 & 0","x","0 & 2","0 & 0","1 & 1","1 & 1","1 & 0","0 & 0","1 & 1","0 & 0","0 & 0","1 & 0","0 & 1","0 & 0","0 & 0","1 & 0","1 & 0","1 & 0","2 & 0","0 & 0","0 & 0","0 & 1","0 & 0","1 & 0","2 & 0","0 & 0","0 & 0","0 & 0","1 & 0","0 & 0","1 & 0","1 & 0","0 & 0","0 & 0","0 & 2","0 & 0","0 & 0","2 & 0","1 & 0","0 & 0","0 & 0","1 & 0","0 & 0","0 & 0","0 & 0","0 & 0","0 & 0","0 & 0","0 & 0","0 & 1","0 & 0","0 & 0","0 & 0","0 & 0","0 & 0","0 & 0","0 & 0","0 & 0","0 & 0","0 & 0","0 & 0","0 & 0","0 & 0","0 & 0","0 & 0","1 & 0","0 & 0","0 & 0","0 & 0","0 & 0","0 & 0","0 & 0","0 & 0","1 & 0","0 & 0","0 & 0","0 & 0","0 & 0","0 & 0","0 & 0","0 & 0","1 & 0","0 & 0","0 & 0","0 & 0","0 & 0","2 & 0","0 & 0","0 & 0","0 & 0","0 & 0"
"Balance Druggedfox","0 & 4","0 & 1","0 & 1","0 & 1","0 & 1","1 & 1","1 & 1","2 & 1","0 & 4","2 & 1","2 & 0","x","2 & 0","0 & 0","1 & 1","2 & 0","0 & 0","3 & 0","3 & 0","0 & 1","2 & 2","1 & 0","0 & 0","0 & 1","0 & 0","1 & 0","4 & 0","0 & 0","0 & 1","1 & 0","3 & 0","0 & 0","1 & 0","1 & 0","0 & 1","0 & 0","1 & 0","0 & 0","1 & 0","0 & 1","1 & 1","0 & 0","0 & 0","0 & 0","0 & 0","0 & 0","1 & 0","0 & 0","0 & 0","0 & 0","0 & 0","0 & 0","0 & 0","1 & 0","0 & 0","0 & 0","0 & 0","0 & 0","1 & 0","1 & 0","1 & 0","1 & 0","1 & 0","0 & 0","0 & 0","0 & 0","0 & 0","0 & 0","0 & 0","0 & 0","0 & 0","0 & 0","1 & 0","0 & 0","0 & 0","0 & 0","0 & 0","1 & 0","0 & 1","0 & 0","0 & 0","0 & 0","0 & 0","0 & 0","0 & 0","0 & 0","0 & 0","0 & 0","0 & 0","0 & 0","0 & 0","0 & 0","0 & 0","0 & 0","1 & 0","1 & 0","0 & 0","2 & 0","0 & 0","0 & 0"
"Lucky","1 & 4","0 & 1","0 & 1","0 & 0","0 & 1","0 & 1","0 & 1","3 & 3","1 & 1","4 & 0","0 & 0","0 & 2","x","0 & 0","2 & 2","4 & 1","0 & 1","0 & 0","0 & 3","3 & 1","3 & 3","1 & 0","2 & 1","0 & 0","4 & 0","0 & 0","1 & 0","0 & 1","1 & 0","0 & 0","2 & 1","1 & 0","0 & 0","0 & 0","0 & 1","2 & 1","1 & 0","0 & 0","0 & 0","1 & 0","1 & 0","0 & 0","0 & 0","0 & 0","0 & 0","0 & 0","0 & 0","0 & 0","0 & 0","1 & 0","1 & 0","0 & 0","1 & 0","5 & 0","1 & 0","0 & 0","0 & 0","0 & 0","1 & 0","0 & 1","0 & 0","0 & 0","3 & 1","0 & 0","1 & 0","0 & 0","0 & 0","0 & 0","0 & 0","0 & 0","0 & 0","1 & 0","0 & 0","1 & 0","0 & 0","0 & 0","0 & 1","0 & 0","2 & 0","0 & 0","0 & 0","0 & 0","0 & 0","0 & 0","0 & 1","0 & 0","0 & 0","0 & 0","0 & 0","1 & 0","0 & 0","0 & 0","0 & 0","0 & 0","0 & 0","0 & 0","1 & 0","1 & 0","0 & 0","0 & 0"
"IMT Shroomed","0 & 1","0 & 1","0 & 1","2 & 0","0 & 2","0 & 2","0 & 4","0 & 3","1 & 0","3 & 2","1 & 1","0 & 0","0 & 0","x","1 & 1","0 & 1","1 & 1","1 & 0","0 & 2","0 & 0","1 & 0","1 & 0","3 & 2","0 & 0","0 & 0","0 & 1","0 & 0","0 & 1","0 & 0","0 & 0","1 & 1","0 & 0","0 & 0","0 & 0","0 & 0","1 & 1","0 & 0","0 & 0","2 & 0","0 & 0","0 & 0","0 & 0","1 & 0","0 & 0","1 & 0","2 & 0","0 & 0","0 & 0","0 & 0","1 & 0","0 & 0","1 & 0","0 & 0","0 & 0","1 & 0","1 & 0","0 & 0","0 & 0","2 & 0","1 & 0","0 & 0","2 & 1","0 & 0","0 & 0","0 & 0","0 & 0","0 & 0","0 & 0","1 & 0","0 & 0","0 & 0","0 & 0","0 & 0","0 & 0","0 & 0","1 & 0","1 & 0","0 & 0","0 & 0","0 & 0","0 & 1","0 & 0","0 & 0","0 & 0","0 & 0","0 & 0","0 & 0","0 & 0","0 & 0","0 & 0","0 & 0","0 & 0","0 & 0","0 & 0","0 & 0","0 & 0","0 & 0","0 & 0","0 & 0","0 & 0"
"MSF La Luna","0 & 2","0 & 0","0 & 1","0 & 2","0 & 3","1 & 1","0 & 3","3 & 3","0 & 2","3 & 0","1 & 1","1 & 1","2 & 2","1 & 1","x","2 & 1","2 & 2","0 & 0","2 & 2","1 & 1","1 & 2","0 & 0","0 & 0","0 & 0","0 & 0","0 & 0","1 & 0","0 & 1","0 & 0","0 & 0","0 & 1","1 & 0","1 & 0","3 & 1","1 & 1","2 & 0","0 & 0","1 & 0","1 & 0","0 & 0","0 & 0","1 & 0","1 & 0","0 & 0","1 & 0","1 & 1","1 & 0","0 & 0","1 & 0","3 & 0","0 & 0","1 & 0","0 & 0","0 & 1","1 & 0","1 & 0","0 & 0","1 & 0","0 & 0","0 & 0","0 & 0","0 & 0","1 & 0","1 & 0","1 & 1","1 & 0","0 & 0","1 & 0","0 & 0","1 & 0","0 & 0","0 & 0","0 & 0","2 & 0","1 & 0","0 & 0","0 & 2","2 & 0","1 & 0","0 & 1","0 & 0","0 & 0","0 & 0","0 & 0","0 & 0","0 & 0","0 & 0","0 & 0","0 & 0","1 & 0","0 & 0","0 & 0","1 & 0","0 & 0","1 & 0","0 & 0","0 & 0","0 & 0","0 & 0","0 & 0"
"G2 Westballz","0 & 3","0 & 2","0 & 0","0 & 3","0 & 3","0 & 2","0 & 0","5 & 4","1 & 0","3 & 1","0 & 1","0 & 2","1 & 4","1 & 0","1 & 2","x","1 & 0","2 & 0","0 & 0","1 & 1","3 & 1","0 & 0","0 & 2","1 & 0","6 & 3","0 & 0","3 & 1","1 & 0","1 & 0","0 & 0","1 & 0","2 & 0","0 & 0","0 & 0","1 & 0","0 & 1","0 & 0","0 & 0","0 & 0","0 & 0","0 & 0","1 & 0","0 & 0","0 & 0","1 & 0","1 & 0","0 & 0","1 & 0","0 & 0","0 & 0","0 & 0","1 & 0","0 & 0","12 & 2","2 & 1","0 & 0","0 & 0","0 & 0","1 & 0","0 & 0","0 & 0","0 & 0","1 & 0","0 & 0","1 & 0","1 & 0","0 & 0","0 & 0","0 & 0","0 & 0","0 & 0","0 & 0","1 & 0","0 & 0","0 & 0","0 & 0","0 & 0","0 & 0","4 & 0","0 & 0","0 & 0","0 & 0","0 & 1","0 & 0","0 & 0","0 & 0","0 & 0","0 & 0","0 & 0","0 & 0","0 & 0","1 & 0","0 & 0","0 & 0","0 & 0","0 & 0","0 & 0","0 & 0","0 & 0","1 & 0"
"Duck","0 & 5","0 & 2","0 & 1","0 & 2","0 & 0","1 & 1","3 & 2","1 & 2","0 & 1","0 & 1","0 & 0","0 & 0","1 & 0","1 & 1","2 & 2","0 & 1","x","0 & 0","0 & 1","0 & 2","0 & 0","0 & 0","0 & 0","0 & 0","1 & 0","3 & 1","4 & 0","0 & 1","1 & 1","0 & 0","0 & 0","2 & 6","0 & 0","0 & 0","0 & 0","0 & 0","0 & 0","0 & 0","0 & 1","2 & 0","1 & 0","1 & 0","0 & 0","0 & 0","1 & 0","2 & 0","1 & 0","2 & 0","0 & 2","0 & 0","0 & 0","0 & 0","0 & 0","0 & 0","1 & 0","1 & 0","0 & 0","0 & 0","0 & 0","0 & 0","1 & 0","1 & 0","0 & 0","0 & 0","0 & 0","1 & 0","0 & 0","0 & 0","0 & 0","0 & 0","0 & 0","2 & 1","0 & 0","0 & 0","0 & 0","0 & 0","0 & 0","0 & 0","0 & 0","0 & 0","0 & 0","0 & 0","0 & 0","0 & 0","0 & 0","0 & 0","0 & 0","0 & 0","0 & 0","0 & 0","0 & 0","1 & 0","0 & 0","0 & 0","0 & 0","0 & 0","0 & 0","0 & 0","0 & 0","0 & 0"
"EGtv Crush","0 & 1","0 & 0","0 & 1","0 & 0","0 & 0","0 & 2","0 & 1","0 & 1","0 & 0","0 & 0","1 & 1","0 & 3","0 & 0","0 & 1","0 & 0","0 & 2","0 & 0","x","1 & 1","2 & 0","0 & 1","0 & 0","0 & 0","0 & 1","0 & 1","0 & 2","0 & 2","1 & 1","2 & 0","0 & 0","4 & 0","2 & 0","0 & 0","3 & 0","1 & 1","0 & 1","2 & 0","0 & 0","1 & 0","0 & 0","1 & 1","0 & 0","0 & 1","0 & 0","0 & 0","0 & 0","0 & 1","0 & 0","1 & 1","1 & 1","0 & 0","0 & 0","0 & 0","0 & 0","0 & 0","0 & 0","0 & 0","0 & 0","0 & 0","0 & 0","2 & 0","0 & 0","0 & 0","0 & 0","0 & 0","0 & 1","0 & 0","0 & 0","0 & 0","0 & 0","0 & 0","0 & 0","0 & 0","0 & 0","0 & 0","0 & 0","1 & 0","0 & 0","3 & 0","1 & 0","0 & 0","0 & 0","0 & 0","0 & 0","0 & 0","0 & 0","0 & 0","1 & 0","0 & 0","0 & 0","1 & 0","0 & 0","1 & 0","1 & 0","1 & 0","0 & 0","0 & 0","0 & 0","0 & 0","0 & 0"
"RNG Swedish Delight","0 & 3","0 & 0","0 & 1","1 & 1","0 & 0","0 & 0","2 & 1","0 & 4","0 & 1","1 & 1","0 & 0","0 & 3","3 & 0","2 & 0","2 & 2","0 & 0","1 & 0","1 & 1","x","2 & 0","0 & 0","1 & 0","1 & 0","0 & 0","0 & 2","2 & 0","1 & 0","1 & 0","1 & 1","0 & 0","0 & 0","1 & 3","0 & 0","4 & 2","1 & 1","0 & 1","0 & 0","0 & 0","1 & 0","0 & 0","0 & 0","3 & 1","0 & 0","0 & 0","0 & 0","0 & 0","0 & 0","0 & 0","1 & 0","3 & 0","0 & 0","0 & 0","1 & 0","0 & 0","0 & 0","0 & 0","0 & 0","0 & 0","1 & 0","0 & 0","1 & 0","0 & 0","0 & 0","1 & 0","1 & 0","2 & 0","0 & 0","1 & 0","0 & 0","0 & 0","0 & 0","1 & 0","0 & 0","1 & 0","3 & 0","0 & 0","2 & 0","1 & 0","0 & 0","0 & 0","0 & 0","0 & 0","0 & 0","0 & 0","0 & 0","0 & 0","0 & 0","1 & 0","0 & 0","2 & 0","0 & 0","0 & 0","2 & 0","0 & 0","0 & 0","0 & 0","0 & 0","0 & 0","0 & 0","0 & 0"
"EMG n0ne","0 & 2","0 & 0","0 & 0","0 & 1","1 & 0","0 & 2","0 & 1","0 & 2","0 & 0","1 & 2","0 & 0","1 & 0","1 & 3","0 & 0","1 & 1","1 & 1","2 & 0","0 & 2","0 & 2","x","1 & 3","0 & 0","0 & 1","0 & 0","0 & 0","0 & 2","3 & 4","2 & 1","0 & 1","0 & 0","0 & 0","1 & 0","0 & 0","0 & 0","0 & 0","1 & 1","0 & 1","1 & 0","0 & 0","2 & 0","0 & 0","0 & 0","0 & 0","3 & 0","0 & 1","1 & 0","0 & 0","3 & 0","1 & 0","0 & 0","1 & 1","0 & 1","0 & 0","0 & 0","0 & 0","0 & 0","0 & 0","0 & 0","0 & 0","1 & 0","0 & 0","0 & 0","0 & 0","0 & 0","0 & 0","1 & 0","0 & 0","0 & 0","0 & 0","0 & 0","1 & 0","1 & 0","0 & 0","0 & 0","1 & 0","0 & 0","2 & 0","2 & 0","2 & 0","0 & 0","0 & 0","0 & 0","0 & 0","0 & 0","1 & 0","0 & 0","0 & 0","1 & 0","0 & 0","0 & 0","0 & 0","0 & 0","0 & 0","0 & 0","1 & 0","0 & 0","0 & 0","0 & 0","0 & 0","1 & 0"
"HugS","0 & 4","0 & 1","0 & 1","0 & 0","0 & 2","0 & 1","0 & 1","1 & 2","0 & 1","1 & 7","0 & 1","2 & 2","3 & 3","0 & 1","2 & 1","1 & 3","0 & 0","1 & 0","0 & 0","3 & 1","x","0 & 0","1 & 0","1 & 0","4 & 3","0 & 3","4 & 0","0 & 0","0 & 0","0 & 0","0 & 0","0 & 0","0 & 0","2 & 0","1 & 0","3 & 1","0 & 1","0 & 0","0 & 0","0 & 3","1 & 0","1 & 0","1 & 0","1 & 1","1 & 0","0 & 0","0 & 0","0 & 0","0 & 1","0 & 0","0 & 1","0 & 0","2 & 0","4 & 1","1 & 1","0 & 0","0 & 0","0 & 0","0 & 0","0 & 0","0 & 0","0 & 1","2 & 0","0 & 0","0 & 0","0 & 0","0 & 0","0 & 0","0 & 0","0 & 0","0 & 0","0 & 1","0 & 0","0 & 0","0 & 0","0 & 0","0 & 1","1 & 0","2 & 3","0 & 1","1 & 0","0 & 0","4 & 0","0 & 0","0 & 0","0 & 0","0 & 1","0 & 0","1 & 0","0 & 0","0 & 0","1 & 0","0 & 0","0 & 0","0 & 0","0 & 0","1 & 0","0 & 0","0 & 0","1 & 0"
"Zain","0 & 2","0 & 0","0 & 0","0 & 1","0 & 1","1 & 0","0 & 0","1 & 2","0 & 0","0 & 1","1 & 0","0 & 1","0 & 1","0 & 1","0 & 0","0 & 0","0 & 0","0 & 0","0 & 1","0 & 0","0 & 0","x","0 & 0","0 & 0","1 & 0","0 & 0","1 & 0","0 & 0","1 & 0","0 & 0","0 & 1","1 & 0","0 & 0","1 & 0","0 & 0","0 & 0","0 & 0","0 & 0","0 & 0","2 & 0","0 & 0","1 & 0","0 & 0","0 & 0","0 & 1","0 & 0","0 & 0","2 & 0","0 & 0","0 & 0","0 & 0","1 & 0","0 & 0","0 & 0","0 & 0","0 & 0","0 & 0","0 & 0","0 & 0","1 & 0","1 & 0","0 & 0","0 & 0","0 & 0","1 & 0","0 & 0","0 & 0","0 & 0","0 & 0","1 & 0","0 & 0","2 & 2","0 & 0","0 & 0","0 & 0","0 & 0","0 & 0","0 & 0","0 & 0","0 & 0","1 & 0","0 & 0","0 & 0","1 & 0","0 & 0","0 & 0","0 & 0","0 & 0","0 & 0","0 & 0","0 & 0","0 & 0","0 & 0","0 & 0","0 & 1","0 & 0","0 & 0","0 & 0","0 & 0","0 & 0"
"CLG. PewPewU","0 & 2","0 & 0","0 & 2","0 & 1","0 & 3","0 & 3","0 & 1","1 & 4","0 & 0","1 & 1","0 & 0","0 & 0","1 & 2","2 & 3","0 & 0","2 & 0","0 & 0","0 & 0","0 & 1","1 & 0","0 & 1","0 & 0","x","0 & 0","1 & 0","0 & 0","1 & 0","1 & 0","0 & 0","0 & 0","1 & 0","0 & 0","1 & 0","0 & 0","0 & 0","3 & 0","0 & 0","0 & 0","0 & 0","0 & 0","0 & 0","1 & 0","0 & 0","0 & 0","0 & 0","0 & 0","0 & 0","0 & 0","0 & 0","0 & 0","2 & 0","0 & 0","0 & 0","0 & 0","0 & 1","1 & 0","0 & 0","1 & 0","0 & 0","0 & 0","1 & 0","1 & 0","0 & 0","0 & 0","0 & 0","0 & 0","0 & 0","0 & 0","0 & 0","0 & 0","0 & 0","0 & 0","0 & 0","1 & 0","0 & 0","0 & 0","0 & 0","0 & 0","1 & 0","0 & 0","0 & 0","0 & 0","0 & 0","0 & 0","0 & 0","1 & 0","0 & 0","0 & 0","0 & 0","0 & 0","0 & 0","0 & 0","0 & 0","0 & 0","0 & 0","0 & 0","0 & 0","0 & 0","0 & 0","1 & 0"
"VGBC aMSa","0 & 0","0 & 0","0 & 0","0 & 0","0 & 1","0 & 0","0 & 0","0 & 0","0 & 0","0 & 0","0 & 0","1 & 0","0 & 0","0 & 0","0 & 0","0 & 1","0 & 0","1 & 0","0 & 0","0 & 0","0 & 1","0 & 0","0 & 0","x","0 & 0","0 & 0","0 & 0","0 & 0","0 & 0","0 & 0","0 & 0","0 & 0","0 & 0","0 & 0","0 & 0","0 & 0","1 & 0","0 & 0","0 & 0","0 & 0","0 & 0","0 & 0","0 & 0","0 & 0","0 & 0","0 & 0","0 & 0","0 & 0","0 & 0","0 & 0","0 & 0","0 & 0","0 & 0","0 & 0","0 & 0","0 & 0","0 & 0","0 & 0","0 & 0","0 & 0","0 & 0","0 & 0","0 & 0","0 & 0","0 & 0","1 & 0","0 & 0","0 & 0","0 & 0","0 & 0","1 & 0","0 & 0","0 & 0","0 & 0","0 & 0","0 & 0","0 & 0","0 & 0","0 & 1","0 & 0","0 & 0","0 & 0","0 & 0","0 & 0","0 & 0","0 & 0","0 & 0","0 & 0","0 & 0","0 & 0","0 & 0","0 & 0","0 & 0","0 & 0","0 & 0","0 & 0","0 & 0","0 & 0","0 & 0","0 & 0"
"beast coast MikeHaze","0 & 0","0 & 0","0 & 1","0 & 0","0 & 2","0 & 0","0 & 0","1 & 0","0 & 1","1 & 3","0 & 1","0 & 0","0 & 4","0 & 0","0 & 0","3 & 6","0 & 1","1 & 0","2 & 0","0 & 0","3 & 4","0 & 1","0 & 1","0 & 0","x","0 & 2","1 & 1","0 & 0","0 & 0","0 & 0","0 & 0","0 & 2","0 & 0","0 & 0","0 & 0","0 & 0","1 & 2","0 & 0","1 & 1","1 & 0","0 & 0","1 & 0","1 & 0","0 & 0","2 & 0","0 & 0","0 & 0","1 & 1","1 & 0","1 & 1","0 & 0","0 & 0","1 & 0","3 & 1","1 & 0","1 & 0","0 & 0","1 & 0","1 & 0","0 & 0","0 & 0","0 & 0","0 & 0","1 & 0","0 & 0","1 & 0","0 & 0","0 & 0","0 & 0","0 & 0","1 & 0","0 & 0","0 & 0","0 & 0","0 & 0","0 & 0","0 & 0","0 & 0","1 & 0","0 & 0","0 & 1","0 & 0","0 & 0","2 & 0","0 & 0","0 & 0","1 & 0","0 & 0","0 & 0","0 & 0","0 & 0","0 & 0","0 & 0","0 & 0","0 & 0","0 & 0","1 & 0","0 & 0","0 & 0","0 & 0"
"KirbyKaze","0 & 2","0 & 0","0 & 1","0 & 0","0 & 1","0 & 0","0 & 1","0 & 1","0 & 0","0 & 0","0 & 1","0 & 1","0 & 0","1 & 0","0 & 0","0 & 0","1 & 3","2 & 0","0 & 2","2 & 0","3 & 0","0 & 0","0 & 0","0 & 0","2 & 0","x","3 & 1","0 & 0","0 & 0","0 & 0","0 & 0","2 & 2","0 & 1","1 & 0","0 & 0","0 & 0","0 & 0","0 & 0","1 & 0","3 & 2","0 & 2","1 & 0","0 & 0","0 & 0","0 & 0","1 & 0","1 & 0","2 & 0","0 & 0","1 & 1","0 & 0","0 & 1","0 & 0","0 & 0","0 & 0","1 & 0","0 & 0","0 & 0","0 & 0","1 & 0","0 & 0","0 & 0","1 & 0","0 & 0","1 & 0","1 & 0","0 & 0","0 & 0","2 & 0","0 & 1","0 & 0","0 & 0","0 & 0","0 & 0","0 & 0","0 & 0","1 & 0","0 & 0","0 & 0","0 & 0","0 & 0","0 & 0","0 & 0","0 & 0","0 & 0","0 & 0","0 & 0","0 & 0","0 & 0","0 & 0","0 & 0","1 & 0","1 & 0","0 & 0","1 & 0","0 & 0","0 & 0","0 & 0","0 & 0","0 & 0"
"ERG Ryan Ford","0 & 1","0 & 0","0 & 0","0 & 2","0 & 1","0 & 1","0 & 0","0 & 0","0 & 0","0 & 0","0 & 1","0 & 4","0 & 1","0 & 0","0 & 1","1 & 3","0 & 4","2 & 0","0 & 1","4 & 3","0 & 4","0 & 1","0 & 1","0 & 0","1 & 1","1 & 3","x","0 & 0","0 & 0","0 & 0","1 & 0","6 & 1","0 & 0","0 & 0","1 & 0","0 & 0","1 & 0","0 & 0","1 & 0","1 & 1","1 & 0","0 & 0","0 & 0","1 & 0","0 & 0","0 & 0","1 & 0","0 & 0","2 & 0","0 & 0","0 & 0","0 & 0","0 & 0","1 & 2","1 & 0","0 & 0","0 & 0","0 & 0","0 & 0","0 & 0","1 & 0","0 & 0","0 & 0","1 & 0","0 & 0","2 & 0","0 & 0","0 & 0","1 & 1","2 & 0","0 & 0","0 & 0","0 & 0","1 & 0","0 & 0","0 & 0","0 & 0","1 & 0","0 & 0","0 & 0","0 & 0","0 & 0","0 & 0","0 & 0","0 & 0","0 & 0","0 & 0","0 & 0","0 & 0","0 & 0","0 & 0","1 & 1","1 & 0","0 & 0","0 & 0","0 & 0","0 & 0","0 & 0","0 & 0","2 & 2"
"dizzkidboogie","0 & 0","0 & 1","0 & 0","1 & 1","0 & 0","0 & 0","0 & 0","1 & 3","0 & 0","1 & 1","0 & 2","0 & 0","1 & 0","1 & 0","1 & 0","0 & 1","1 & 0","1 & 1","0 & 1","1 & 2","0 & 0","0 & 0","0 & 1","0 & 0","0 & 0","0 & 0","0 & 0","x","0 & 1","0 & 0","1 & 3","0 & 0","0 & 0","0 & 0","2 & 0","0 & 0","0 & 1","0 & 1","3 & 1","0 & 0","0 & 0","1 & 0","6 & 0","0 & 0","0 & 0","1 & 0","0 & 0","0 & 0","0 & 1","1 & 4","2 & 0","0 & 0","0 & 0","0 & 0","0 & 0","1 & 0","0 & 0","1 & 0","0 & 2","0 & 0","0 & 0","2 & 0","0 & 0","0 & 0","0 & 0","1 & 0","0 & 0","0 & 0","0 & 0","0 & 0","0 & 0","1 & 0","0 & 0","0 & 0","1 & 0","0 & 1","0 & 0","0 & 0","0 & 0","0 & 0","1 & 0","0 & 0","1 & 0","0 & 0","1 & 0","0 & 1","0 & 0","1 & 0","0 & 0","2 & 0","0 & 0","0 & 0","0 & 0","1 & 0","0 & 0","2 & 0","0 & 0","0 & 0","0 & 0","0 & 0"
"lloD","0 & 0","0 & 0","0 & 0","0 & 0","0 & 0","0 & 1","0 & 1","0 & 0","0 & 1","0 & 0","0 & 0","1 & 0","0 & 1","0 & 0","0 & 0","0 & 1","1 & 1","0 & 2","1 & 1","1 & 0","0 & 0","0 & 1","0 & 0","0 & 0","0 & 0","0 & 0","0 & 0","1 & 0","x","0 & 0","0 & 0","1 & 1","0 & 0","0 & 0","0 & 0","0 & 0","0 & 0","0 & 0","0 & 0","0 & 0","0 & 0","0 & 1","0 & 0","0 & 0","0 & 0","0 & 0","1 & 0","0 & 0","0 & 2","1 & 0","0 & 0","1 & 0","0 & 0","0 & 0","0 & 0","0 & 0","0 & 0","0 & 0","0 & 0","0 & 0","0 & 0","0 & 0","1 & 0","0 & 0","1 & 0","0 & 0","0 & 0","0 & 0","0 & 0","0 & 0","0 & 1","1 & 0","0 & 0","0 & 0","0 & 0","0 & 0","0 & 0","0 & 0","1 & 0","0 & 0","0 & 0","0 & 0","1 & 0","0 & 0","1 & 0","0 & 0","0 & 0","0 & 0","0 & 0","1 & 0","0 & 0","0 & 0","0 & 0","0 & 0","0 & 0","0 & 0","0 & 0","0 & 0","0 & 0","0 & 0"
"El Fuego","0 & 0","0 & 0","0 & 0","0 & 0","0 & 0","0 & 0","0 & 1","0 & 0","0 & 0","0 & 0","0 & 0","0 & 1","0 & 0","0 & 0","0 & 0","0 & 0","0 & 0","0 & 0","0 & 0","0 & 0","0 & 0","0 & 0","0 & 0","0 & 0","0 & 0","0 & 0","0 & 0","0 & 0","0 & 0","x","0 & 0","0 & 0","0 & 0","0 & 0","0 & 0","1 & 0","0 & 0","0 & 0","0 & 0","0 & 0","0 & 0","0 & 0","0 & 0","0 & 0","0 & 0","0 & 0","0 & 0","0 & 0","0 & 0","0 & 0","0 & 0","0 & 0","0 & 0","0 & 0","1 & 0","0 & 0","0 & 0","0 & 0","0 & 0","0 & 0","0 & 0","0 & 0","0 & 0","0 & 0","0 & 0","0 & 0","0 & 0","0 & 0","0 & 0","0 & 0","0 & 0","0 & 0","0 & 0","0 & 0","0 & 0","0 & 0","0 & 0","0 & 0","0 & 0","0 & 0","0 & 0","0 & 0","0 & 0","0 & 0","0 & 1","0 & 0","0 & 0","0 & 0","0 & 0","0 & 0","0 & 0","0 & 0","0 & 0","0 & 0","0 & 0","0 & 0","0 & 0","0 & 0","0 & 0","0 & 0"
"SS Colbol","0 & 4","0 & 0","0 & 0","0 & 2","0 & 3","0 & 0","0 & 2","0 & 0","2 & 0","0 & 2","1 & 0","0 & 3","1 & 2","1 & 1","1 & 0","0 & 1","0 & 0","0 & 4","0 & 0","0 & 0","0 & 0","1 & 0","0 & 1","0 & 0","0 & 0","0 & 0","0 & 1","3 & 1","0 & 0","0 & 0","x","0 & 0","0 & 0","0 & 2","0 & 2","0 & 1","0 & 0","0 & 0","0 & 0","0 & 0","0 & 0","1 & 1","0 & 0","0 & 0","2 & 0","0 & 0","0 & 0","1 & 0","2 & 0","1 & 1","1 & 0","0 & 1","0 & 0","0 & 0","1 & 0","0 & 0","0 & 0","0 & 0","0 & 0","1 & 0","1 & 1","0 & 0","0 & 0","0 & 0","1 & 0","0 & 0","1 & 1","0 & 0","0 & 0","0 & 0","0 & 0","0 & 0","0 & 0","2 & 0","0 & 0","2 & 1","0 & 0","0 & 0","0 & 0","0 & 0","0 & 0","0 & 0","1 & 0","1 & 0","0 & 0","0 & 0","0 & 0","1 & 0","0 & 0","1 & 0","0 & 0","0 & 0","1 & 0","1 & 0","1 & 0","0 & 0","0 & 0","0 & 0","0 & 0","0 & 0"
"KJH","0 & 0","0 & 2","0 & 0","0 & 0","0 & 0","0 & 0","0 & 1","0 & 0","0 & 1","0 & 0","0 & 0","0 & 0","0 & 1","0 & 0","0 & 1","0 & 2","6 & 2","0 & 2","3 & 1","0 & 1","0 & 0","0 & 1","0 & 0","0 & 0","2 & 0","2 & 2","1 & 6","0 & 0","1 & 1","0 & 0","0 & 0","x","0 & 0","1 & 0","0 & 2","0 & 2","0 & 0","0 & 0","0 & 0","2 & 0","0 & 1","0 & 0","0 & 0","0 & 0","1 & 0","0 & 0","0 & 0","6 & 1","3 & 0","3 & 0","0 & 0","0 & 0","0 & 0","0 & 0","1 & 1","0 & 0","0 & 0","0 & 0","1 & 0","0 & 0","0 & 0","0 & 0","0 & 0","1 & 1","0 & 0","0 & 0","3 & 0","2 & 0","1 & 0","0 & 0","0 & 1","0 & 0","0 & 0","0 & 0","1 & 0","0 & 0","0 & 0","0 & 0","0 & 0","0 & 0","0 & 0","0 & 0","1 & 0","1 & 0","0 & 0","0 & 0","0 & 0","0 & 0","0 & 0","2 & 0","0 & 0","1 & 0","0 & 0","0 & 0","0 & 0","0 & 0","0 & 0","0 & 0","0 & 0","1 & 0"
"vL Trif","0 & 0","0 & 1","0 & 0","0 & 1","0 & 0","0 & 1","0 & 0","0 & 0","0 & 0","0 & 1","0 & 1","0 & 1","0 & 0","0 & 0","0 & 1","0 & 0","0 & 0","0 & 0","0 & 0","0 & 0","0 & 0","0 & 0","0 & 1","0 & 0","0 & 0","1 & 0","0 & 0","0 & 0","0 & 0","0 & 0","0 & 0","0 & 0","x","0 & 0","0 & 0","0 & 0","0 & 0","4 & 2","0 & 0","0 & 0","2 & 1","0 & 0","0 & 0","0 & 0","0 & 0","0 & 0","0 & 1","0 & 0","0 & 0","0 & 0","0 & 0","0 & 0","0 & 0","0 & 0","0 & 0","0 & 0","0 & 0","0 & 0","0 & 0","0 & 0","1 & 0","0 & 0","0 & 0","0 & 0","0 & 0","0 & 0","0 & 0","0 & 0","0 & 0","0 & 0","0 & 0","0 & 0","0 & 0","1 & 0","0 & 0","0 & 0","0 & 0","0 & 0","2 & 0","0 & 0","0 & 0","0 & 0","1 & 0","0 & 0","0 & 0","0 & 0","0 & 0","0 & 0","0 & 0","0 & 0","0 & 0","0 & 0","0 & 0","0 & 0","0 & 0","0 & 0","0 & 0","0 & 0","0 & 0","0 & 0"
"Slox","0 & 1","0 & 0","0 & 0","0 & 0","0 & 0","0 & 0","0 & 0","1 & 0","0 & 0","0 & 0","0 & 2","0 & 1","0 & 0","0 & 0","1 & 3","0 & 0","0 & 0","0 & 3","2 & 4","0 & 0","0 & 2","0 & 1","0 & 0","0 & 0","0 & 0","0 & 1","0 & 0","0 & 0","0 & 0","0 & 0","2 & 0","0 & 1","0 & 0","x","0 & 2","1 & 0","0 & 0","0 & 0","0 & 2","1 & 0","0 & 0","0 & 2","4 & 0","0 & 0","1 & 0","0 & 0","1 & 0","0 & 0","0 & 0","3 & 7","0 & 0","0 & 0","0 & 0","0 & 0","0 & 0","0 & 0","0 & 0","0 & 0","0 & 0","1 & 0","1 & 0","0 & 0","0 & 0","0 & 0","0 & 1","2 & 2","0 & 0","1 & 0","0 & 0","0 & 0","0 & 0","0 & 0","0 & 0","0 & 0","1 & 0","0 & 2","3 & 0","0 & 0","1 & 0","0 & 0","0 & 0","0 & 0","0 & 0","0 & 0","0 & 0","0 & 0","0 & 0","0 & 0","0 & 0","0 & 0","1 & 0","0 & 0","3 & 0","1 & 0","0 & 0","0 & 0","0 & 0","0 & 0","0 & 0","0 & 0"
"LG Ice","0 & 0","0 & 1","0 & 2","0 & 0","0 & 1","0 & 2","0 & 1","0 & 1","0 & 0","0 & 2","0 & 0","1 & 0","1 & 0","0 & 0","1 & 1","0 & 1","0 & 0","1 & 1","1 & 1","0 & 0","0 & 1","0 & 0","0 & 0","0 & 0","0 & 0","0 & 0","0 & 1","0 & 2","0 & 0","0 & 0","2 & 0","2 & 0","0 & 0","2 & 0","x","0 & 0","0 & 0","0 & 0","0 & 1","0 & 0","0 & 0","0 & 0","0 & 0","0 & 0","2 & 0","0 & 0","0 & 0","1 & 0","0 & 0","0 & 0","0 & 0","0 & 0","0 & 0","0 & 1","0 & 0","0 & 0","1 & 0","0 & 0","1 & 0","1 & 0","0 & 0","1 & 0","0 & 0","0 & 0","0 & 0","0 & 0","0 & 0","0 & 0","0 & 0","0 & 0","0 & 0","1 & 0","0 & 0","0 & 0","0 & 0","0 & 0","0 & 0","0 & 0","0 & 0","0 & 0","0 & 0","0 & 0","0 & 0","0 & 0","0 & 0","0 & 0","1 & 0","0 & 1","0 & 0","0 & 0","0 & 0","1 & 0","0 & 0","0 & 0","0 & 0","0 & 0","0 & 0","0 & 0","0 & 0","0 & 0"
"Balance Syrox","0 & 1","0 & 0","0 & 0","0 & 1","0 & 0","0 & 0","0 & 0","0 & 3","0 & 1","0 & 0","0 & 0","0 & 0","1 & 2","1 & 1","0 & 2","1 & 0","0 & 0","1 & 0","1 & 0","1 & 1","1 & 3","0 & 0","0 & 3","0 & 0","0 & 0","0 & 0","0 & 0","0 & 0","0 & 0","0 & 1","1 & 0","2 & 0","0 & 0","0 & 1","0 & 0","x","1 & 1","0 & 0","0 & 0","0 & 0","1 & 0","0 & 0","0 & 1","0 & 0","1 & 0","0 & 1","0 & 0","1 & 0","1 & 1","0 & 0","0 & 0","0 & 0","0 & 1","0 & 0","0 & 0","0 & 1","0 & 0","0 & 0","0 & 0","0 & 0","0 & 0","0 & 0","0 & 0","0 & 0","0 & 0","1 & 0","0 & 1","0 & 0","0 & 0","0 & 0","0 & 0","0 & 0","0 & 0","0 & 0","0 & 0","0 & 0","0 & 0","0 & 0","0 & 1","0 & 1","0 & 0","0 & 0","0 & 0","0 & 0","1 & 0","0 & 0","0 & 0","0 & 0","1 & 0","1 & 0","0 & 0","0 & 0","0 & 0","0 & 0","0 & 0","0 & 0","0 & 1","0 & 0","0 & 0","0 & 0"
"Bladewise","0 & 1","0 & 0","0 & 0","0 & 0","0 & 1","0 & 0","0 & 1","0 & 0","0 & 0","2 & 0","0 & 0","0 & 1","0 & 1","0 & 0","0 & 0","0 & 0","0 & 0","0 & 2","0 & 0","1 & 0","1 & 0","0 & 0","0 & 0","0 & 1","2 & 1","0 & 0","0 & 1","1 & 0","0 & 0","0 & 0","0 & 0","0 & 0","0 & 0","0 & 0","0 & 0","1 & 1","x","0 & 0","0 & 0","0 & 0","0 & 1","0 & 0","1 & 0","0 & 0","0 & 0","0 & 1","0 & 0","0 & 0","0 & 1","1 & 1","0 & 0","0 & 0","4 & 2","0 & 0","1 & 0","0 & 0","0 & 0","0 & 0","1 & 0","0 & 0","0 & 0","0 & 0","2 & 0","0 & 0","0 & 0","0 & 0","0 & 0","0 & 0","0 & 0","1 & 0","0 & 0","0 & 0","0 & 0","0 & 0","0 & 0","0 & 0","0 & 0","0 & 0","0 & 0","3 & 0","2 & 0","0 & 0","0 & 0","0 & 0","1 & 0","0 & 0","0 & 0","0 & 0","0 & 0","0 & 0","0 & 0","0 & 0","0 & 0","0 & 0","0 & 0","0 & 0","0 & 0","0 & 0","0 & 0","1 & 0"
"Asterion Amsah","0 & 0","0 & 2","0 & 0","0 & 0","0 & 0","0 & 2","0 & 0","0 & 0","0 & 0","0 & 1","0 & 1","0 & 0","0 & 0","0 & 0","0 & 1","0 & 0","0 & 0","0 & 0","0 & 0","0 & 1","0 & 0","0 & 0","0 & 0","0 & 0","0 & 0","0 & 0","0 & 0","1 & 0","0 & 0","0 & 0","0 & 0","0 & 0","2 & 4","0 & 0","0 & 0","0 & 0","0 & 0","x","0 & 0","0 & 0","4 & 0","0 & 0","0 & 0","0 & 0","0 & 0","0 & 1","2 & 0","0 & 0","0 & 0","0 & 0","0 & 0","0 & 0","0 & 0","0 & 0","0 & 0","0 & 0","0 & 0","0 & 0","1 & 0","0 & 0","1 & 0","0 & 0","0 & 0","0 & 0","0 & 0","0 & 0","0 & 0","0 & 0","0 & 0","0 & 0","1 & 0","0 & 0","0 & 0","0 & 0","0 & 0","1 & 0","0 & 0","0 & 0","0 & 0","1 & 0","0 & 0","0 & 0","0 & 0","0 & 0","0 & 0","0 & 0","0 & 0","0 & 0","0 & 0","0 & 0","0 & 0","0 & 0","0 & 0","0 & 0","0 & 0","0 & 0","0 & 0","3 & 1","0 & 0","0 & 0"
"SPY Nintendude","0 & 1","0 & 0","0 & 1","0 & 2","0 & 0","0 & 0","0 & 0","0 & 2","0 & 0","0 & 2","0 & 0","0 & 1","0 & 0","0 & 2","0 & 1","0 & 0","1 & 0","0 & 1","0 & 1","0 & 0","0 & 0","0 & 0","0 & 0","0 & 0","1 & 1","0 & 1","0 & 1","1 & 3","0 & 0","0 & 0","0 & 0","0 & 0","0 & 0","2 & 0","1 & 0","0 & 0","0 & 0","0 & 0","x","0 & 0","1 & 0","0 & 1","1 & 0","0 & 0","0 & 0","0 & 0","0 & 0","0 & 0","0 & 0","0 & 1","2 & 1","0 & 0","0 & 0","0 & 0","0 & 0","0 & 0","2 & 0","0 & 0","0 & 0","0 & 0","1 & 0","0 & 1","0 & 0","0 & 0","0 & 0","0 & 0","0 & 0","0 & 0","0 & 0","0 & 0","1 & 0","0 & 0","0 & 0","0 & 0","0 & 0","0 & 0","0 & 0","1 & 0","0 & 2","1 & 0","1 & 0","0 & 0","1 & 1","0 & 0","0 & 0","0 & 0","0 & 0","0 & 0","0 & 2","1 & 0","0 & 0","0 & 0","0 & 0","0 & 0","0 & 0","1 & 0","1 & 0","0 & 0","0 & 0","0 & 0"
"Prince F. Abu","0 & 1","0 & 0","0 & 1","1 & 0","0 & 0","0 & 0","0 & 1","0 & 1","0 & 0","1 & 0","0 & 1","1 & 0","0 & 1","0 & 0","0 & 0","0 & 0","0 & 2","0 & 0","0 & 0","0 & 2","3 & 0","0 & 2","0 & 0","0 & 0","0 & 1","2 & 3","1 & 1","0 & 0","0 & 0","0 & 0","0 & 0","0 & 2","0 & 0","0 & 1","0 & 0","0 & 0","0 & 0","0 & 0","0 & 0","x","0 & 0","0 & 0","0 & 0","0 & 0","0 & 0","0 & 0","0 & 0","2 & 1","0 & 0","1 & 1","0 & 0","0 & 0","0 & 0","0 & 0","0 & 1","0 & 0","0 & 0","0 & 0","0 & 0","0 & 0","0 & 0","0 & 0","0 & 0","0 & 0","0 & 0","0 & 0","0 & 0","0 & 0","0 & 0","0 & 0","0 & 0","0 & 0","0 & 0","0 & 0","0 & 0","0 & 0","0 & 0","0 & 0","0 & 0","1 & 0","0 & 0","0 & 0","1 & 0","0 & 0","0 & 0","0 & 0","0 & 0","0 & 0","0 & 0","0 & 0","0 & 0","0 & 1","0 & 0","0 & 0","0 & 0","0 & 0","0 & 0","0 & 0","0 & 0","0 & 0"
"Professor Pro","0 & 1","0 & 1","0 & 0","0 & 0","0 & 0","0 & 1","0 & 0","0 & 1","0 & 0","0 & 2","0 & 1","1 & 1","0 & 1","0 & 0","0 & 0","0 & 0","0 & 1","1 & 1","0 & 0","0 & 0","0 & 1","0 & 0","0 & 0","0 & 0","0 & 0","2 & 0","0 & 1","0 & 0","0 & 0","0 & 0","0 & 0","1 & 0","1 & 2","0 & 0","0 & 0","0 & 1","1 & 0","0 & 4","0 & 1","0 & 0","x","0 & 1","0 & 0","0 & 0","0 & 0","0 & 0","0 & 1","0 & 0","0 & 0","0 & 0","0 & 0","0 & 0","0 & 0","0 & 0","0 & 0","0 & 0","0 & 0","0 & 0","1 & 0","0 & 0","2 & 0","0 & 0","0 & 0","0 & 0","0 & 0","0 & 0","0 & 0","0 & 0","1 & 0","0 & 0","0 & 0","0 & 0","0 & 0","0 & 0","0 & 0","0 & 0","0 & 0","0 & 0","0 & 0","0 & 0","0 & 0","0 & 0","0 & 0","0 & 0","1 & 0","0 & 0","0 & 0","0 & 0","0 & 0","0 & 0","0 & 0","0 & 0","0 & 0","0 & 0","0 & 0","0 & 0","0 & 0","1 & 1","0 & 0","0 & 0"
"VGBC Rishi","0 & 0","0 & 0","0 & 0","0 & 0","0 & 1","0 & 0","0 & 1","0 & 0","0 & 1","0 & 0","0 & 0","0 & 0","0 & 0","0 & 0","0 & 1","0 & 1","0 & 1","0 & 0","1 & 3","0 & 0","0 & 1","0 & 1","0 & 1","0 & 0","0 & 1","0 & 1","0 & 0","0 & 1","1 & 0","0 & 0","1 & 1","0 & 0","0 & 0","2 & 0","0 & 0","0 & 0","0 & 0","0 & 0","1 & 0","0 & 0","1 & 0","x","0 & 0","0 & 0","0 & 1","1 & 1","0 & 0","0 & 0","0 & 0","0 & 1","0 & 0","0 & 0","0 & 0","0 & 0","0 & 0","0 & 0","0 & 0","0 & 0","0 & 0","0 & 0","1 & 0","0 & 0","0 & 0","1 & 0","0 & 0","0 & 0","0 & 0","0 & 0","0 & 0","0 & 0","0 & 0","1 & 0","0 & 0","0 & 0","2 & 0","0 & 0","0 & 0","0 & 0","0 & 0","0 & 0","0 & 0","0 & 0","0 & 0","0 & 0","0 & 0","0 & 0","0 & 0","1 & 0","1 & 0","0 & 0","0 & 0","0 & 0","2 & 1","1 & 0","0 & 0","0 & 0","0 & 0","0 & 0","0 & 0","1 & 0"
"Hax","0 & 1","0 & 0","0 & 0","0 & 0","0 & 0","0 & 0","0 & 0","0 & 0","0 & 0","0 & 0","0 & 0","0 & 0","0 & 0","0 & 1","0 & 1","0 & 0","0 & 0","1 & 0","0 & 0","0 & 0","0 & 1","0 & 0","0 & 0","0 & 0","0 & 1","0 & 0","0 & 0","0 & 6","0 & 0","0 & 0","0 & 0","0 & 0","0 & 0","0 & 4","0 & 0","1 & 0","0 & 1","0 & 0","0 & 1","0 & 0","0 & 0","0 & 0","x","2 & 0","0 & 0","0 & 0","0 & 0","0 & 0","0 & 0","4 & 2","0 & 0","0 & 0","0 & 0","0 & 0","0 & 0","0 & 0","0 & 0","0 & 0","0 & 0","0 & 0","0 & 0","0 & 0","0 & 0","0 & 0","4 & 2","5 & 0","0 & 0","0 & 1","0 & 0","0 & 0","0 & 0","0 & 0","0 & 0","0 & 0","3 & 1","0 & 0","0 & 0","0 & 0","0 & 0","0 & 0","0 & 0","0 & 0","0 & 0","0 & 0","0 & 0","0 & 0","0 & 0","0 & 0","0 & 0","0 & 0","0 & 0","0 & 0","2 & 0","2 & 1","0 & 0","0 & 0","0 & 0","0 & 0","0 & 0","0 & 0"
"Kage","0 & 0","0 & 0","0 & 0","0 & 0","0 & 0","0 & 0","0 & 0","0 & 0","0 & 0","0 & 0","2 & 0","0 & 0","0 & 0","0 & 0","0 & 0","0 & 0","0 & 0","0 & 0","0 & 0","0 & 3","1 & 1","0 & 0","0 & 0","0 & 0","0 & 0","0 & 0","0 & 1","0 & 0","0 & 0","0 & 0","0 & 0","0 & 0","0 & 0","0 & 0","0 & 0","0 & 0","0 & 0","0 & 0","0 & 0","0 & 0","0 & 0","0 & 0","0 & 2","x","0 & 0","0 & 0","0 & 0","0 & 1","0 & 0","0 & 0","1 & 0","0 & 0","0 & 0","0 & 0","0 & 0","0 & 0","0 & 0","0 & 0","0 & 0","0 & 0","0 & 0","0 & 0","0 & 0","0 & 0","0 & 0","0 & 1","0 & 0","0 & 0","1 & 0","1 & 2","0 & 0","0 & 0","0 & 0","0 & 0","0 & 0","0 & 0","0 & 0","0 & 0","0 & 0","0 & 0","0 & 0","0 & 0","0 & 0","0 & 0","1 & 0","0 & 0","0 & 0","0 & 0","0 & 0","0 & 0","0 & 0","0 & 0","0 & 0","0 & 0","0 & 0","0 & 0","0 & 0","0 & 0","0 & 0","0 & 0"
"GHQ Kels","0 & 0","0 & 0","1 & 0","0 & 0","0 & 0","0 & 0","0 & 1","0 & 0","0 & 0","0 & 1","0 & 0","0 & 0","0 & 0","0 & 1","0 & 1","0 & 1","0 & 1","0 & 0","0 & 0","1 & 0","0 & 1","1 & 0","0 & 0","0 & 0","0 & 2","0 & 0","0 & 0","0 & 0","0 & 0","0 & 0","0 & 2","0 & 1","0 & 0","0 & 1","0 & 2","0 & 1","0 & 0","0 & 0","0 & 0","0 & 0","0 & 0","1 & 0","0 & 0","0 & 0","x","0 & 0","0 & 0","0 & 2","1 & 0","0 & 0","0 & 0","1 & 0","0 & 0","0 & 0","1 & 0","0 & 0","0 & 0","0 & 0","0 & 0","1 & 0","0 & 0","0 & 0","0 & 0","1 & 1","0 & 0","0 & 0","1 & 0","0 & 0","0 & 0","0 & 0","0 & 0","1 & 0","2 & 0","0 & 1","0 & 0","0 & 0","0 & 0","0 & 0","0 & 0","0 & 0","0 & 0","0 & 0","0 & 0","4 & 1","0 & 0","0 & 0","0 & 0","0 & 0","0 & 0","0 & 0","0 & 0","0 & 0","0 & 0","0 & 0","0 & 0","0 & 0","0 & 0","0 & 0","0 & 0","0 & 0"
"Medz","0 & 0","0 & 0","0 & 0","0 & 0","0 & 0","0 & 0","2 & 4","0 & 0","0 & 1","0 & 0","0 & 0","0 & 0","0 & 0","0 & 2","1 & 1","0 & 1","0 & 2","0 & 0","0 & 0","0 & 1","0 & 0","0 & 0","0 & 0","0 & 0","0 & 0","0 & 1","0 & 0","0 & 1","0 & 0","0 & 0","0 & 0","0 & 0","0 & 0","0 & 0","0 & 0","1 & 0","1 & 0","1 & 0","0 & 0","0 & 0","0 & 0","1 & 1","0 & 0","0 & 0","0 & 0","x","0 & 0","0 & 0","0 & 0","0 & 1","0 & 0","0 & 0","0 & 0","0 & 0","0 & 0","0 & 0","0 & 0","1 & 1","0 & 0","0 & 0","0 & 0","0 & 0","2 & 0","0 & 0","0 & 0","0 & 0","0 & 0","0 & 0","0 & 0","0 & 0","0 & 0","0 & 0","0 & 0","0 & 0","0 & 0","0 & 0","0 & 0","0 & 0","0 & 0","1 & 0","0 & 0","0 & 0","0 & 0","0 & 0","0 & 0","0 & 0","0 & 0","0 & 0","0 & 0","0 & 0","0 & 0","0 & 0","0 & 0","0 & 0","0 & 0","0 & 0","0 & 0","0 & 1","0 & 0","0 & 0"
"[A] Android","0 & 0","0 & 0","0 & 0","0 & 0","0 & 0","0 & 1","0 & 1","0 & 1","0 & 0","0 & 0","0 & 2","0 & 1","0 & 0","0 & 0","0 & 1","0 & 0","0 & 1","1 & 0","0 & 0","0 & 0","0 & 0","0 & 0","0 & 0","0 & 0","0 & 0","0 & 1","0 & 1","0 & 0","0 & 1","0 & 0","0 & 0","0 & 0","1 & 0","0 & 1","0 & 0","0 & 0","0 & 0","0 & 2","0 & 0","0 & 0","1 & 0","0 & 0","0 & 0","0 & 0","0 & 0","0 & 0","x","0 & 0","0 & 0","0 & 0","0 & 1","0 & 0","0 & 0","0 & 0","0 & 0","0 & 0","0 & 0","0 & 1","0 & 0","0 & 0","0 & 0","0 & 0","0 & 0","0 & 0","0 & 0","0 & 0","0 & 0","0 & 0","0 & 0","0 & 0","0 & 0","0 & 0","0 & 0","0 & 0","0 & 0","0 & 0","0 & 0","0 & 0","0 & 0","0 & 0","0 & 0","0 & 0","0 & 0","1 & 0","0 & 0","0 & 0","0 & 0","0 & 0","0 & 0","0 & 0","0 & 0","0 & 0","0 & 0","0 & 0","0 & 0","0 & 0","0 & 0","0 & 0","0 & 0","0 & 0"
"Ginger","0 & 1","0 & 1","0 & 0","0 & 1","0 & 0","0 & 0","0 & 0","0 & 1","0 & 0","0 & 0","0 & 1","0 & 0","0 & 0","0 & 0","0 & 0","0 & 1","0 & 2","0 & 0","0 & 0","0 & 3","0 & 0","0 & 2","0 & 0","0 & 0","1 & 1","0 & 2","0 & 0","0 & 0","0 & 0","0 & 0","0 & 1","1 & 6","0 & 0","0 & 0","0 & 1","0 & 1","0 & 0","0 & 0","0 & 0","1 & 2","0 & 0","0 & 0","0 & 0","1 & 0","2 & 0","0 & 0","0 & 0","x","0 & 1","0 & 0","0 & 0","0 & 0","0 & 0","0 & 0","0 & 2","0 & 0","0 & 0","0 & 0","1 & 0","0 & 0","0 & 0","0 & 0","0 & 0","1 & 0","0 & 0","0 & 0","0 & 0","0 & 0","0 & 0","0 & 0","0 & 0","4 & 1","0 & 0","0 & 0","0 & 0","0 & 0","0 & 0","1 & 0","0 & 0","0 & 0","0 & 0","0 & 0","0 & 0","0 & 0","0 & 0","1 & 0","0 & 0","0 & 0","0 & 0","0 & 1","0 & 0","1 & 0","0 & 0","0 & 0","1 & 1","0 & 0","0 & 0","0 & 0","0 & 0","0 & 1"
"20GX Gahtzu","0 & 1","0 & 0","0 & 0","0 & 1","0 & 0","0 & 1","0 & 1","0 & 0","0 & 1","0 & 0","0 & 0","0 & 0","0 & 0","0 & 0","0 & 1","0 & 0","2 & 0","1 & 1","0 & 1","0 & 1","1 & 0","0 & 0","0 & 0","0 & 0","0 & 1","0 & 0","0 & 2","1 & 0","2 & 0","0 & 0","0 & 2","0 & 3","0 & 0","0 & 0","0 & 0","1 & 1","1 & 0","0 & 0","0 & 0","0 & 0","0 & 0","0 & 0","0 & 0","0 & 0","0 & 1","0 & 0","0 & 0","1 & 0","x","0 & 0","0 & 0","0 & 0","0 & 0","0 & 0","0 & 0","0 & 0","0 & 0","0 & 0","0 & 0","2 & 0","0 & 0","0 & 0","0 & 0","0 & 0","0 & 0","0 & 0","0 & 0","0 & 0","0 & 0","0 & 0","0 & 0","1 & 0","0 & 0","0 & 0","0 & 0","0 & 0","0 & 0","0 & 0","0 & 0","0 & 0","0 & 0","0 & 0","0 & 0","0 & 0","0 & 0","0 & 0","0 & 0","0 & 0","0 & 0","0 & 0","0 & 0","0 & 0","0 & 0","0 & 0","0 & 0","0 & 0","0 & 0","0 & 0","0 & 0","0 & 0"
"Captain Smuckers","0 & 2","0 & 0","0 & 1","0 & 0","0 & 0","0 & 0","0 & 1","0 & 0","0 & 0","0 & 1","0 & 0","0 & 0","0 & 1","0 & 1","0 & 3","0 & 0","0 & 0","1 & 1","0 & 3","0 & 0","0 & 0","0 & 0","0 & 0","0 & 0","1 & 1","1 & 1","0 & 0","4 & 1","0 & 1","0 & 0","1 & 1","0 & 3","0 & 0","7 & 3","0 & 0","0 & 0","1 & 1","0 & 0","1 & 0","1 & 1","0 & 0","1 & 0","2 & 4","0 & 0","0 & 0","1 & 0","0 & 0","0 & 0","0 & 0","x","0 & 0","0 & 0","1 & 0","0 & 0","2 & 3","0 & 0","0 & 0","0 & 0","0 & 0","0 & 0","0 & 0","0 & 0","2 & 0","0 & 0","0 & 0","3 & 1","0 & 0","0 & 0","0 & 0","0 & 0","0 & 0","0 & 0","0 & 0","0 & 0","2 & 0","0 & 0","1 & 0","0 & 0","4 & 1","0 & 0","0 & 0","1 & 2","0 & 1","0 & 0","0 & 0","0 & 2","1 & 0","0 & 0","0 & 0","0 & 1","0 & 0","0 & 0","1 & 0","2 & 0","0 & 0","0 & 0","0 & 0","0 & 0","0 & 0","1 & 0"
"Laudandus","0 & 0","0 & 0","0 & 0","0 & 0","0 & 0","0 & 0","0 & 0","0 & 1","0 & 1","0 & 0","0 & 1","0 & 0","0 & 1","0 & 0","0 & 0","0 & 0","0 & 0","0 & 0","0 & 0","1 & 1","1 & 0","0 & 0","0 & 2","0 & 0","0 & 0","0 & 0","0 & 0","0 & 2","0 & 0","0 & 0","0 & 1","0 & 0","0 & 0","0 & 0","0 & 0","0 & 0","0 & 0","0 & 0","1 & 2","0 & 0","0 & 0","0 & 0","0 & 0","0 & 1","0 & 0","0 & 0","1 & 0","0 & 0","0 & 0","0 & 0","x","0 & 0","0 & 0","1 & 0","0 & 0","3 & 0","2 & 0","0 & 0","0 & 0","0 & 0","2 & 0","2 & 1","1 & 0","0 & 0","0 & 0","0 & 0","0 & 0","0 & 0","0 & 0","0 & 0","0 & 0","0 & 0","0 & 0","0 & 0","0 & 0","0 & 0","0 & 0","0 & 0","0 & 0","0 & 0","0 & 0","0 & 0","0 & 0","0 & 0","0 & 0","0 & 0","1 & 0","0 & 0","0 & 0","0 & 0","0 & 0","0 & 0","0 & 0","0 & 0","0 & 0","0 & 0","0 & 0","0 & 0","0 & 0","0 & 0"
"Abate","0 & 1","0 & 0","0 & 0","0 & 0","0 & 0","0 & 0","0 & 0","0 & 0","0 & 0","0 & 0","0 & 0","0 & 0","0 & 0","0 & 1","0 & 1","0 & 1","0 & 0","0 & 0","0 & 0","1 & 0","0 & 0","0 & 1","0 & 0","0 & 0","0 & 0","1 & 0","0 & 0","0 & 0","0 & 1","0 & 0","1 & 0","0 & 0","0 & 0","0 & 0","0 & 0","0 & 0","0 & 0","0 & 0","0 & 0","0 & 0","0 & 0","0 & 0","0 & 0","0 & 0","0 & 1","0 & 0","0 & 0","0 & 0","0 & 0","0 & 0","0 & 0","x","0 & 0","0 & 0","0 & 0","0 & 0","0 & 0","0 & 0","0 & 0","0 & 0","0 & 0","0 & 0","0 & 0","0 & 0","0 & 0","0 & 0","0 & 0","0 & 0","0 & 0","0 & 0","0 & 0","0 & 2","0 & 0","0 & 0","0 & 0","0 & 0","0 & 0","0 & 0","0 & 0","0 & 0","1 & 0","0 & 0","0 & 0","1 & 0","0 & 0","0 & 0","0 & 0","0 & 0","0 & 0","0 & 0","0 & 0","0 & 0","0 & 0","0 & 1","0 & 0","0 & 0","1 & 0","0 & 0","0 & 0","0 & 0"
"FatGoku","0 & 0","0 & 1","0 & 0","0 & 0","0 & 0","0 & 0","0 & 0","0 & 0","0 & 0","0 & 0","0 & 0","0 & 0","0 & 1","0 & 0","0 & 0","0 & 0","0 & 0","0 & 0","0 & 1","0 & 0","0 & 2","0 & 0","0 & 0","0 & 0","0 & 1","0 & 0","0 & 0","0 & 0","0 & 0","0 & 0","0 & 0","0 & 0","0 & 0","0 & 0","0 & 0","1 & 0","2 & 4","0 & 0","0 & 0","0 & 0","0 & 0","0 & 0","0 & 0","0 & 0","0 & 0","0 & 0","0 & 0","0 & 0","0 & 0","0 & 1","0 & 0","0 & 0","x","0 & 0","0 & 0","0 & 0","0 & 0","0 & 0","0 & 0","0 & 0","1 & 0","0 & 0","0 & 1","0 & 0","0 & 0","1 & 0","0 & 0","0 & 0","0 & 0","0 & 0","0 & 0","0 & 1","0 & 0","0 & 0","0 & 0","0 & 0","0 & 0","0 & 0","0 & 0","0 & 4","4 & 2","0 & 0","0 & 0","0 & 0","0 & 0","0 & 0","0 & 0","0 & 0","0 & 0","0 & 0","0 & 0","0 & 0","0 & 0","0 & 0","0 & 0","0 & 0","0 & 0","0 & 0","0 & 0","0 & 0"
"Top Shelf ARMY","0 & 1","0 & 0","0 & 0","0 & 1","0 & 0","0 & 1","0 & 0","0 & 2","0 & 0","0 & 7","0 & 0","0 & 1","0 & 5","0 & 0","1 & 0","2 & 12","0 & 0","0 & 0","0 & 0","0 & 0","1 & 4","0 & 0","0 & 0","0 & 0","1 & 3","0 & 0","2 & 1","0 & 0","0 & 0","0 & 0","0 & 0","0 & 0","0 & 0","0 & 0","1 & 0","0 & 0","0 & 0","0 & 0","0 & 0","0 & 0","0 & 0","0 & 0","0 & 0","0 & 0","0 & 0","0 & 0","0 & 0","0 & 0","0 & 0","0 & 0","0 & 1","0 & 0","0 & 0","x","7 & 2","0 & 0","0 & 0","0 & 0","0 & 0","0 & 0","0 & 0","0 & 1","6 & 3","0 & 0","0 & 0","0 & 0","0 & 0","0 & 0","0 & 0","0 & 0","0 & 0","0 & 0","0 & 0","0 & 0","0 & 0","0 & 0","0 & 0","0 & 0","0 & 3","0 & 0","0 & 0","0 & 0","0 & 1","0 & 0","0 & 0","0 & 0","2 & 0","0 & 0","0 & 0","0 & 0","0 & 0","0 & 0","0 & 0","0 & 0","0 & 0","0 & 0","0 & 0","0 & 0","0 & 0","0 & 0"
"Captain Faceroll","0 & 0","0 & 0","0 & 0","0 & 0","0 & 0","0 & 0","0 & 0","0 & 0","0 & 0","0 & 3","0 & 0","0 & 0","0 & 1","0 & 1","0 & 1","1 & 2","0 & 1","0 & 0","0 & 0","0 & 0","1 & 1","0 & 0","1 & 0","0 & 0","0 & 1","0 & 0","0 & 1","0 & 0","0 & 0","0 & 1","0 & 1","1 & 1","0 & 0","0 & 0","0 & 0","0 & 0","0 & 1","0 & 0","0 & 0","1 & 0","0 & 0","0 & 0","0 & 0","0 & 0","0 & 1","0 & 0","0 & 0","2 & 0","0 & 0","3 & 2","0 & 0","0 & 0","0 & 0","2 & 7","x","0 & 0","0 & 0","0 & 0","0 & 0","1 & 0","1 & 0","0 & 1","3 & 1","0 & 1","0 & 0","0 & 0","0 & 0","0 & 0","0 & 0","1 & 0","0 & 0","1 & 0","0 & 1","0 & 0","0 & 0","0 & 0","0 & 0","0 & 0","0 & 3","0 & 0","0 & 0","0 & 0","0 & 0","0 & 0","0 & 1","0 & 0","0 & 0","0 & 0","0 & 0","0 & 0","0 & 0","0 & 0","0 & 0","0 & 0","0 & 0","0 & 0","0 & 0","0 & 0","0 & 0","0 & 0"
"Darkatma","0 & 1","0 & 0","0 & 0","0 & 0","0 & 0","0 & 0","0 & 0","0 & 0","0 & 0","0 & 0","0 & 0","0 & 0","0 & 0","0 & 1","0 & 1","0 & 0","0 & 1","0 & 0","0 & 0","0 & 0","0 & 0","0 & 0","0 & 1","0 & 0","0 & 1","0 & 1","0 & 0","0 & 1","0 & 0","0 & 0","0 & 0","0 & 0","0 & 0","0 & 0","0 & 0","1 & 0","0 & 0","0 & 0","0 & 0","0 & 0","0 & 0","0 & 0","0 & 0","0 & 0","0 & 0","0 & 0","0 & 0","0 & 0","0 & 0","0 & 0","0 & 3","0 & 0","0 & 0","0 & 0","0 & 0","x","0 & 0","0 & 0","0 & 0","0 & 0","0 & 0","0 & 3","0 & 0","0 & 0","0 & 0","0 & 0","0 & 0","0 & 0","0 & 0","0 & 0","0 & 0","0 & 0","0 & 0","0 & 1","0 & 0","0 & 0","0 & 0","0 & 0","0 & 0","0 & 0","0 & 0","0 & 0","0 & 2","0 & 0","0 & 0","0 & 0","0 & 0","0 & 0","0 & 0","0 & 0","1 & 0","0 & 1","0 & 0","0 & 0","0 & 0","0 & 0","0 & 0","0 & 0","0 & 0","0 & 0"
"Rocky","0 & 0","0 & 0","0 & 0","0 & 0","0 & 0","0 & 0","0 & 0","1 & 0","0 & 0","0 & 0","0 & 0","0 & 0","0 & 0","0 & 0","0 & 0","0 & 0","0 & 0","0 & 0","0 & 0","0 & 0","0 & 0","0 & 0","0 & 0","0 & 0","0 & 0","0 & 0","0 & 0","0 & 0","0 & 0","0 & 0","0 & 0","0 & 0","0 & 0","0 & 0","0 & 1","0 & 0","0 & 0","0 & 0","0 & 2","0 & 0","0 & 0","0 & 0","0 & 0","0 & 0","0 & 0","0 & 0","0 & 0","0 & 0","0 & 0","0 & 0","0 & 2","0 & 0","0 & 0","0 & 0","0 & 0","0 & 0","x","1 & 0","0 & 0","0 & 0","0 & 0","0 & 0","0 & 0","0 & 0","0 & 0","0 & 0","1 & 0","0 & 0","0 & 0","0 & 0","0 & 0","0 & 0","0 & 0","0 & 0","0 & 0","0 & 0","0 & 0","0 & 0","0 & 0","0 & 0","0 & 0","0 & 0","1 & 0","0 & 0","0 & 0","0 & 0","0 & 0","0 & 0","0 & 0","0 & 0","0 & 0","0 & 0","0 & 0","0 & 0","0 & 0","0 & 0","0 & 0","0 & 0","0 & 0","0 & 0"
"Cactuar","0 & 0","0 & 0","0 & 0","0 & 0","0 & 0","0 & 0","0 & 0","1 & 0","0 & 0","0 & 0","0 & 0","0 & 0","0 & 0","0 & 0","0 & 1","0 & 0","0 & 0","0 & 0","0 & 0","0 & 0","0 & 0","0 & 0","0 & 1","0 & 0","0 & 1","0 & 0","0 & 0","0 & 1","0 & 0","0 & 0","0 & 0","0 & 0","0 & 0","0 & 0","0 & 0","0 & 0","0 & 0","0 & 0","0 & 0","0 & 0","0 & 0","0 & 0","0 & 0","0 & 0","0 & 0","1 & 1","1 & 0","0 & 0","0 & 0","0 & 0","0 & 0","0 & 0","0 & 0","0 & 0","0 & 0","0 & 0","0 & 1","x","0 & 0","0 & 1","0 & 0","0 & 1","0 & 0","0 & 0","0 & 0","0 & 0","0 & 0","0 & 1","0 & 0","0 & 0","0 & 0","0 & 0","0 & 0","0 & 0","0 & 0","0 & 0","0 & 0","0 & 0","0 & 0","0 & 0","0 & 0","0 & 0","0 & 0","0 & 0","0 & 0","0 & 0","0 & 0","0 & 0","0 & 0","0 & 0","0 & 0","0 & 0","0 & 0","0 & 0","0 & 0","0 & 0","0 & 0","0 & 0","0 & 0","0 & 0"
"Liquid Chillindude","0 & 0","0 & 0","0 & 0","0 & 0","0 & 1","0 & 0","0 & 0","0 & 2","0 & 1","0 & 1","1 & 0","0 & 1","0 & 1","0 & 2","0 & 0","0 & 1","0 & 0","0 & 0","0 & 1","0 & 0","0 & 0","0 & 0","0 & 0","0 & 0","0 & 1","0 & 0","0 & 0","2 & 0","0 & 0","0 & 0","0 & 0","0 & 1","0 & 0","0 & 0","0 & 1","0 & 0","0 & 1","0 & 1","0 & 0","0 & 0","0 & 1","0 & 0","0 & 0","0 & 0","0 & 0","0 & 0","0 & 0","0 & 1","0 & 0","0 & 0","0 & 0","0 & 0","0 & 0","0 & 0","0 & 0","0 & 0","0 & 0","0 & 0","x","0 & 0","0 & 0","0 & 0","0 & 0","0 & 0","0 & 0","0 & 0","0 & 0","0 & 0","0 & 0","0 & 0","0 & 0","1 & 0","0 & 0","0 & 0","0 & 0","0 & 0","0 & 0","0 & 0","1 & 1","0 & 0","0 & 0","0 & 0","0 & 0","0 & 0","0 & 0","0 & 0","0 & 0","0 & 0","0 & 0","0 & 0","0 & 0","1 & 0","0 & 0","1 & 0","0 & 0","0 & 1","0 & 0","0 & 0","0 & 0","1 & 0"
"Drunksloth","0 & 1","0 & 0","1 & 0","0 & 1","0 & 1","0 & 0","0 & 0","0 & 1","0 & 0","0 & 0","0 & 0","0 & 1","1 & 0","0 & 1","0 & 0","0 & 0","0 & 0","0 & 0","0 & 0","0 & 1","0 & 0","0 & 1","0 & 0","0 & 0","0 & 0","0 & 1","0 & 0","0 & 0","0 & 0","0 & 0","0 & 1","0 & 0","0 & 0","0 & 1","0 & 1","0 & 0","0 & 0","0 & 0","0 & 0","0 & 0","0 & 0","0 & 0","0 & 0","0 & 0","0 & 1","0 & 0","0 & 0","0 & 0","0 & 2","0 & 0","0 & 0","0 & 0","0 & 0","0 & 0","0 & 1","0 & 0","0 & 0","1 & 0","0 & 0","x","1 & 0","0 & 0","0 & 0","0 & 0","0 & 0","0 & 1","0 & 0","0 & 0","0 & 0","0 & 0","0 & 0","0 & 0","0 & 0","0 & 0","0 & 0","0 & 0","2 & 0","1 & 1","0 & 0","0 & 0","0 & 0","0 & 0","0 & 0","0 & 0","0 & 0","0 & 0","0 & 0","2 & 0","0 & 0","0 & 0","0 & 0","0 & 0","0 & 0","0 & 0","0 & 0","0 & 0","0 & 0","0 & 0","0 & 0","0 & 0"
"homemadewaffles","0 & 0","0 & 0","0 & 1","0 & 0","0 & 0","0 & 0","0 & 1","0 & 0","0 & 0","0 & 0","0 & 0","0 & 1","0 & 0","0 & 0","0 & 0","0 & 0","0 & 1","0 & 2","0 & 1","0 & 0","0 & 0","0 & 1","0 & 1","0 & 0","0 & 0","0 & 0","0 & 1","0 & 0","0 & 0","0 & 0","1 & 1","0 & 0","0 & 1","0 & 1","0 & 0","0 & 0","0 & 0","0 & 1","0 & 1","0 & 0","0 & 2","0 & 1","0 & 0","0 & 0","0 & 0","0 & 0","0 & 0","0 & 0","0 & 0","0 & 0","0 & 2","0 & 0","0 & 1","0 & 0","0 & 1","0 & 0","0 & 0","0 & 0","0 & 0","0 & 1","x","0 & 1","0 & 1","1 & 0","0 & 0","0 & 0","0 & 0","0 & 0","0 & 0","0 & 0","0 & 0","0 & 0","0 & 0","0 & 0","0 & 0","0 & 0","0 & 0","0 & 0","0 & 0","0 & 0","0 & 0","0 & 0","0 & 0","0 & 0","0 & 0","0 & 0","0 & 0","0 & 0","0 & 0","0 & 0","0 & 0","0 & 0","0 & 0","0 & 0","1 & 0","0 & 0","0 & 0","0 & 0","0 & 0","0 & 0"
"Azusa","0 & 0","0 & 0","0 & 0","0 & 0","0 & 0","0 & 0","0 & 0","0 & 2","0 & 0","0 & 0","0 & 0","0 & 1","0 & 0","1 & 2","0 & 0","0 & 0","0 & 1","0 & 0","0 & 0","0 & 0","1 & 0","0 & 0","0 & 1","0 & 0","0 & 0","0 & 0","0 & 0","0 & 2","0 & 0","0 & 0","0 & 0","0 & 0","0 & 0","0 & 0","0 & 1","0 & 0","0 & 0","0 & 0","1 & 0","0 & 0","0 & 0","0 & 0","0 & 0","0 & 0","0 & 0","0 & 0","0 & 0","0 & 0","0 & 0","0 & 0","1 & 2","0 & 0","0 & 0","1 & 0","1 & 0","3 & 0","0 & 0","1 & 0","0 & 0","0 & 0","1 & 0","x","0 & 0","0 & 0","0 & 0","0 & 0","0 & 0","0 & 0","0 & 0","0 & 0","0 & 0","1 & 1","0 & 1","0 & 0","0 & 0","0 & 0","0 & 0","0 & 0","0 & 0","0 & 0","0 & 0","0 & 0","2 & 1","0 & 0","0 & 0","0 & 0","0 & 0","1 & 0","0 & 0","0 & 0","1 & 0","0 & 0","0 & 0","0 & 0","0 & 0","1 & 0","0 & 0","0 & 0","0 & 0","0 & 0"
"Squid","0 & 0","0 & 0","0 & 0","0 & 1","0 & 1","0 & 0","0 & 0","0 & 0","0 & 0","1 & 1","0 & 0","0 & 1","1 & 3","0 & 0","0 & 1","0 & 1","0 & 0","0 & 0","0 & 0","0 & 0","0 & 2","0 & 0","0 & 0","0 & 0","0 & 0","0 & 1","0 & 0","0 & 0","0 & 1","0 & 0","0 & 0","0 & 0","0 & 0","0 & 0","0 & 0","0 & 0","0 & 2","0 & 0","0 & 0","0 & 0","0 & 0","0 & 0","0 & 0","0 & 0","0 & 0","0 & 2","0 & 0","0 & 0","0 & 0","0 & 2","0 & 1","0 & 0","1 & 0","3 & 6","1 & 3","0 & 0","0 & 0","0 & 0","0 & 0","0 & 0","1 & 0","0 & 0","x","0 & 0","0 & 0","0 & 0","0 & 0","0 & 0","0 & 0","0 & 0","0 & 0","0 & 0","0 & 0","0 & 0","0 & 0","0 & 0","0 & 0","0 & 0","0 & 1","0 & 0","1 & 0","0 & 0","1 & 0","0 & 0","0 & 0","0 & 0","0 & 0","0 & 0","0 & 0","0 & 0","0 & 0","0 & 0","0 & 0","0 & 1","0 & 0","0 & 0","0 & 0","0 & 0","0 & 0","0 & 0"
"Rik","0 & 1","0 & 0","0 & 1","0 & 0","0 & 0","0 & 0","0 & 0","0 & 0","0 & 0","0 & 0","0 & 0","0 & 0","0 & 0","0 & 0","0 & 1","0 & 0","0 & 0","0 & 0","0 & 1","0 & 0","0 & 0","0 & 0","0 & 0","0 & 0","0 & 1","0 & 0","0 & 1","0 & 0","0 & 0","0 & 0","0 & 0","1 & 1","0 & 0","0 & 0","0 & 0","0 & 0","0 & 0","0 & 0","0 & 0","0 & 0","0 & 0","0 & 1","0 & 0","0 & 0","1 & 1","0 & 0","0 & 0","0 & 1","0 & 0","0 & 0","0 & 0","0 & 0","0 & 0","0 & 0","1 & 0","0 & 0","0 & 0","0 & 0","0 & 0","0 & 0","0 & 1","0 & 0","0 & 0","x","0 & 0","0 & 0","0 & 0","0 & 0","0 & 0","0 & 0","0 & 0","0 & 0","1 & 0","1 & 1","0 & 0","0 & 0","0 & 0","0 & 0","0 & 0","0 & 0","0 & 0","0 & 0","0 & 0","2 & 1","0 & 0","0 & 0","0 & 1","0 & 0","0 & 0","0 & 0","0 & 0","0 & 0","0 & 0","0 & 0","0 & 0","0 & 0","0 & 0","0 & 0","0 & 0","0 & 1"
"iBDW","0 & 0","0 & 0","0 & 0","0 & 1","0 & 0","0 & 0","0 & 0","0 & 0","0 & 0","0 & 0","0 & 0","0 & 0","0 & 1","0 & 0","1 & 1","0 & 1","0 & 0","0 & 0","0 & 1","0 & 0","0 & 0","0 & 1","0 & 0","0 & 0","0 & 0","0 & 1","0 & 0","0 & 0","0 & 1","0 & 0","0 & 1","0 & 0","0 & 0","1 & 0","0 & 0","0 & 0","0 & 0","0 & 0","0 & 0","0 & 0","0 & 0","0 & 0","2 & 4","0 & 0","0 & 0","0 & 0","0 & 0","0 & 0","0 & 0","0 & 0","0 & 0","0 & 0","0 & 0","0 & 0","0 & 0","0 & 0","0 & 0","0 & 0","0 & 0","0 & 0","0 & 0","0 & 0","0 & 0","0 & 0","x","0 & 1","0 & 0","0 & 0","0 & 0","1 & 0","0 & 0","2 & 0","1 & 0","0 & 0","0 & 0","0 & 0","0 & 1","0 & 0","0 & 0","0 & 0","0 & 0","0 & 0","0 & 0","0 & 0","0 & 0","0 & 0","0 & 0","0 & 0","0 & 0","0 & 0","0 & 0","0 & 0","0 & 2","0 & 0","0 & 0","0 & 0","0 & 0","0 & 0","0 & 0","0 & 0"
"DJ Nintendo","0 & 0","0 & 2","0 & 0","0 & 0","0 & 0","0 & 0","0 & 0","0 & 0","0 & 1","0 & 0","0 & 0","0 & 0","0 & 0","0 & 0","0 & 1","0 & 1","0 & 1","1 & 0","0 & 2","0 & 1","0 & 0","0 & 0","0 & 0","0 & 1","0 & 1","0 & 1","0 & 2","0 & 1","0 & 0","0 & 0","0 & 0","0 & 0","0 & 0","2 & 2","0 & 0","0 & 1","0 & 0","0 & 0","0 & 0","0 & 0","0 & 0","0 & 0","0 & 5","1 & 0","0 & 0","0 & 0","0 & 0","0 & 0","0 & 0","1 & 3","0 & 0","0 & 0","0 & 1","0 & 0","0 & 0","0 & 0","0 & 0","0 & 0","0 & 0","1 & 0","0 & 0","0 & 0","0 & 0","0 & 0","1 & 0","x","0 & 0","0 & 1","1 & 0","0 & 0","0 & 0","0 & 0","0 & 0","0 & 0","0 & 0","0 & 1","0 & 0","0 & 1","0 & 0","0 & 0","0 & 0","0 & 0","0 & 0","0 & 0","0 & 0","0 & 0","0 & 0","0 & 0","0 & 0","0 & 0","0 & 0","0 & 0","4 & 1","3 & 0","0 & 0","0 & 0","0 & 0","0 & 0","0 & 0","0 & 0"
"VGz Junebug","0 & 1","0 & 0","0 & 0","0 & 0","0 & 0","0 & 0","0 & 0","0 & 1","0 & 0","0 & 0","0 & 0","0 & 0","0 & 0","0 & 0","0 & 0","0 & 0","0 & 0","0 & 0","0 & 0","0 & 0","0 & 0","0 & 0","0 & 0","0 & 0","0 & 0","0 & 0","0 & 0","0 & 0","0 & 0","0 & 0","1 & 1","0 & 3","0 & 0","0 & 0","0 & 0","1 & 0","0 & 0","0 & 0","0 & 0","0 & 0","0 & 0","0 & 0","0 & 0","0 & 0","0 & 1","0 & 0","0 & 0","0 & 0","0 & 0","0 & 0","0 & 0","0 & 0","0 & 0","0 & 0","0 & 0","0 & 0","0 & 1","0 & 0","0 & 0","0 & 0","0 & 0","0 & 0","0 & 0","0 & 0","0 & 0","0 & 0","x","0 & 1","0 & 0","0 & 0","0 & 0","0 & 0","0 & 0","0 & 0","0 & 0","0 & 0","0 & 0","0 & 0","0 & 0","0 & 0","0 & 0","0 & 0","0 & 0","0 & 0","0 & 0","0 & 0","0 & 0","0 & 0","0 & 0","0 & 0","0 & 0","0 & 0","0 & 0","0 & 0","0 & 0","0 & 0","0 & 0","0 & 0","0 & 0","0 & 0"
"Sloth Darktooth","0 & 0","0 & 0","0 & 1","0 & 1","0 & 0","0 & 0","0 & 0","0 & 0","0 & 0","0 & 0","0 & 0","0 & 0","0 & 0","0 & 0","0 & 1","0 & 0","0 & 0","0 & 0","0 & 1","0 & 0","0 & 0","0 & 0","0 & 0","0 & 0","0 & 0","0 & 0","0 & 0","0 & 0","0 & 0","0 & 0","0 & 0","0 & 2","0 & 0","0 & 1","0 & 0","0 & 0","0 & 0","0 & 0","0 & 0","0 & 0","0 & 0","0 & 0","1 & 0","0 & 0","0 & 0","0 & 0","0 & 0","0 & 0","0 & 0","0 & 0","0 & 0","0 & 0","0 & 0","0 & 0","0 & 0","0 & 0","0 & 0","1 & 0","0 & 0","0 & 0","0 & 0","0 & 0","0 & 0","0 & 0","0 & 0","1 & 0","1 & 0","x","0 & 0","0 & 0","0 & 0","0 & 0","0 & 0","0 & 0","0 & 1","0 & 0","0 & 0","0 & 0","0 & 0","0 & 0","0 & 0","0 & 0","0 & 0","0 & 0","0 & 0","0 & 0","0 & 0","0 & 0","0 & 0","0 & 0","0 & 0","0 & 0","1 & 0","0 & 0","0 & 0","0 & 0","0 & 0","0 & 0","1 & 0","0 & 0"
"Moky","0 & 0","0 & 0","0 & 0","0 & 0","0 & 0","0 & 0","0 & 0","0 & 0","0 & 0","0 & 0","0 & 0","0 & 0","0 & 0","0 & 1","0 & 0","0 & 0","0 & 0","0 & 0","0 & 0","0 & 0","0 & 0","0 & 0","0 & 0","0 & 0","0 & 0","0 & 2","1 & 1","0 & 0","0 & 0","0 & 0","0 & 0","0 & 1","0 & 0","0 & 0","0 & 0","0 & 0","0 & 0","0 & 0","0 & 0","0 & 0","0 & 1","0 & 0","0 & 0","0 & 1","0 & 0","0 & 0","0 & 0","0 & 0","0 & 0","0 & 0","0 & 0","0 & 0","0 & 0","0 & 0","0 & 0","0 & 0","0 & 0","0 & 0","0 & 0","0 & 0","0 & 0","0 & 0","0 & 0","0 & 0","0 & 0","0 & 1","0 & 0","0 & 0","x","1 & 0","0 & 0","0 & 0","0 & 0","0 & 0","0 & 0","0 & 0","0 & 0","0 & 0","0 & 0","0 & 0","0 & 0","0 & 0","0 & 0","0 & 0","0 & 0","0 & 0","0 & 0","0 & 0","0 & 0","0 & 0","0 & 0","0 & 1","0 & 0","0 & 0","0 & 0","0 & 0","0 & 0","0 & 0","0 & 0","1 & 1"
"Legend","0 & 0","0 & 0","0 & 0","0 & 0","0 & 0","0 & 0","0 & 0","0 & 0","0 & 0","0 & 0","0 & 0","0 & 0","0 & 0","0 & 0","0 & 1","0 & 0","0 & 0","0 & 0","0 & 0","0 & 0","0 & 0","0 & 1","0 & 0","0 & 0","0 & 0","1 & 0","0 & 2","0 & 0","0 & 0","0 & 0","0 & 0","0 & 0","0 & 0","0 & 0","0 & 0","0 & 0","0 & 1","0 & 0","0 & 0","0 & 0","0 & 0","0 & 0","0 & 0","2 & 1","0 & 0","0 & 0","0 & 0","0 & 0","0 & 0","0 & 0","0 & 0","0 & 0","0 & 0","0 & 0","0 & 1","0 & 0","0 & 0","0 & 0","0 & 0","0 & 0","0 & 0","0 & 0","0 & 0","0 & 0","0 & 1","0 & 0","0 & 0","0 & 0","0 & 1","x","0 & 0","0 & 0","0 & 0","0 & 0","0 & 0","0 & 0","0 & 0","0 & 0","0 & 0","0 & 0","0 & 0","0 & 0","0 & 1","0 & 0","0 & 0","0 & 0","0 & 0","0 & 0","0 & 0","0 & 0","0 & 0","0 & 0","0 & 0","0 & 0","0 & 0","0 & 0","1 & 0","0 & 0","0 & 0","0 & 1"
"AbsentPage","0 & 0","0 & 0","0 & 0","0 & 2","0 & 0","0 & 0","0 & 0","0 & 1","0 & 0","0 & 0","0 & 0","0 & 0","0 & 0","0 & 0","0 & 0","0 & 0","0 & 0","0 & 0","0 & 0","0 & 1","0 & 0","0 & 0","0 & 0","0 & 1","0 & 1","0 & 0","0 & 0","0 & 0","1 & 0","0 & 0","0 & 0","1 & 0","0 & 0","0 & 0","0 & 0","0 & 0","0 & 0","0 & 1","0 & 1","0 & 0","0 & 0","0 & 0","0 & 0","0 & 0","0 & 0","0 & 0","0 & 0","0 & 0","0 & 0","0 & 0","0 & 0","0 & 0","0 & 0","0 & 0","0 & 0","0 & 0","0 & 0","0 & 0","0 & 0","0 & 0","0 & 0","0 & 0","0 & 0","0 & 0","0 & 0","0 & 0","0 & 0","0 & 0","0 & 0","0 & 0","x","0 & 0","0 & 0","0 & 0","0 & 0","0 & 0","0 & 0","0 & 0","0 & 0","0 & 0","0 & 0","0 & 0","0 & 0","0 & 0","0 & 0","0 & 0","0 & 0","0 & 0","0 & 0","0 & 0","0 & 0","1 & 0","0 & 0","0 & 0","0 & 0","0 & 0","0 & 0","0 & 0","0 & 0","0 & 0"
"Drephen","0 & 0","0 & 0","0 & 0","0 & 0","0 & 0","0 & 0","0 & 0","0 & 1","0 & 1","0 & 0","0 & 0","0 & 0","0 & 1","0 & 0","0 & 0","0 & 0","1 & 2","0 & 0","0 & 1","0 & 1","1 & 0","2 & 2","0 & 0","0 & 0","0 & 0","0 & 0","0 & 0","0 & 1","0 & 1","0 & 0","0 & 0","0 & 0","0 & 0","0 & 0","0 & 1","0 & 0","0 & 0","0 & 0","0 & 0","0 & 0","0 & 0","0 & 1","0 & 0","0 & 0","0 & 1","0 & 0","0 & 0","1 & 4","0 & 1","0 & 0","0 & 0","2 & 0","1 & 0","0 & 0","0 & 1","0 & 0","0 & 0","0 & 0","0 & 1","0 & 0","0 & 0","1 & 1","0 & 0","0 & 0","0 & 2","0 & 0","0 & 0","0 & 0","0 & 0","0 & 0","0 & 0","x","5 & 2","0 & 0","1 & 0","0 & 0","0 & 0","0 & 0","0 & 0","0 & 0","0 & 0","0 & 0","0 & 0","0 & 1","0 & 0","0 & 0","1 & 0","0 & 0","0 & 0","0 & 0","0 & 0","0 & 1","0 & 0","0 & 0","0 & 0","0 & 0","0 & 0","0 & 0","0 & 0","1 & 0"
"k Cal","0 & 0","0 & 0","0 & 0","0 & 0","0 & 0","0 & 0","0 & 1","0 & 0","0 & 0","0 & 1","0 & 0","0 & 1","0 & 0","0 & 0","0 & 0","0 & 1","0 & 0","0 & 0","0 & 0","0 & 0","0 & 0","0 & 0","0 & 0","0 & 0","0 & 0","0 & 0","0 & 0","0 & 0","0 & 0","0 & 0","0 & 0","0 & 0","0 & 0","0 & 0","0 & 0","0 & 0","0 & 0","0 & 0","0 & 0","0 & 0","0 & 0","0 & 0","0 & 0","0 & 0","0 & 2","0 & 0","0 & 0","0 & 0","0 & 0","0 & 0","0 & 0","0 & 0","0 & 0","0 & 0","1 & 0","0 & 0","0 & 0","0 & 0","0 & 0","0 & 0","0 & 0","1 & 0","0 & 0","0 & 1","0 & 1","0 & 0","0 & 0","0 & 0","0 & 0","0 & 0","0 & 0","2 & 5","x","0 & 0","0 & 0","0 & 0","0 & 0","0 & 0","0 & 0","0 & 0","0 & 1","0 & 0","0 & 0","0 & 3","0 & 0","0 & 0","0 & 0","0 & 0","0 & 0","0 & 0","0 & 0","0 & 1","0 & 0","0 & 0","0 & 0","0 & 0","0 & 0","0 & 0","0 & 0","0 & 0"
"Redd","0 & 0","0 & 0","0 & 0","0 & 1","0 & 0","0 & 0","0 & 0","0 & 0","0 & 0","0 & 0","0 & 0","0 & 0","0 & 1","0 & 0","0 & 2","0 & 0","0 & 0","0 & 0","0 & 1","0 & 0","0 & 0","0 & 0","0 & 1","0 & 0","0 & 0","0 & 0","0 & 1","0 & 0","0 & 0","0 & 0","0 & 2","0 & 0","0 & 1","0 & 0","0 & 0","0 & 0","0 & 0","0 & 0","0 & 0","0 & 0","0 & 0","0 & 0","0 & 0","0 & 0","1 & 0","0 & 0","0 & 0","0 & 0","0 & 0","0 & 0","0 & 0","0 & 0","0 & 0","0 & 0","0 & 0","1 & 0","0 & 0","0 & 0","0 & 0","0 & 0","0 & 0","0 & 0","0 & 0","1 & 1","0 & 0","0 & 0","0 & 0","0 & 0","0 & 0","0 & 0","0 & 0","0 & 0","0 & 0","x","1 & 0","0 & 0","0 & 0","0 & 0","0 & 0","0 & 0","1 & 0","0 & 0","0 & 0","1 & 0","0 & 0","0 & 0","0 & 0","0 & 0","1 & 0","0 & 0","0 & 0","0 & 0","0 & 0","0 & 0","0 & 0","0 & 0","1 & 0","0 & 0","0 & 0","1 & 0"
"Kaeon","0 & 0","0 & 0","0 & 0","1 & 0","0 & 0","0 & 0","0 & 1","0 & 0","0 & 0","0 & 0","0 & 1","0 & 0","0 & 0","0 & 0","0 & 1","0 & 0","0 & 0","0 & 0","0 & 3","0 & 1","0 & 0","0 & 0","0 & 0","0 & 0","0 & 0","0 & 0","0 & 0","0 & 1","0 & 0","0 & 0","0 & 0","0 & 1","0 & 0","0 & 1","0 & 0","0 & 0","0 & 0","0 & 0","0 & 0","0 & 0","0 & 0","0 & 2","1 & 3","0 & 0","0 & 0","0 & 0","0 & 0","0 & 0","0 & 0","0 & 2","0 & 0","0 & 0","0 & 0","0 & 0","0 & 0","0 & 0","0 & 0","0 & 0","0 & 0","0 & 0","0 & 0","0 & 0","0 & 0","0 & 0","0 & 0","0 & 0","0 & 0","1 & 0","0 & 0","0 & 0","0 & 0","0 & 1","0 & 0","0 & 1","x","0 & 0","0 & 0","1 & 0","0 & 0","0 & 0","0 & 0","0 & 0","0 & 0","0 & 0","0 & 0","0 & 0","0 & 0","0 & 0","0 & 0","0 & 0","0 & 0","0 & 0","1 & 0","0 & 0","0 & 0","0 & 0","0 & 0","0 & 0","0 & 0","0 & 0"
"MVG | King Momo","0 & 2","0 & 0","0 & 1","0 & 0","0 & 1","0 & 0","0 & 0","0 & 0","0 & 0","0 & 0","0 & 0","0 & 0","0 & 0","0 & 1","0 & 0","0 & 0","0 & 0","0 & 0","0 & 0","0 & 0","0 & 0","0 & 0","0 & 0","0 & 0","0 & 0","0 & 0","0 & 0","1 & 0","0 & 0","0 & 0","1 & 2","0 & 0","0 & 0","2 & 0","0 & 0","0 & 0","0 & 0","0 & 1","0 & 0","0 & 0","0 & 0","0 & 0","0 & 0","0 & 0","0 & 0","0 & 0","0 & 0","0 & 0","0 & 0","0 & 0","0 & 0","0 & 0","0 & 0","0 & 0","0 & 0","0 & 0","0 & 0","0 & 0","0 & 0","0 & 0","0 & 0","0 & 0","0 & 0","0 & 0","0 & 0","1 & 0","0 & 0","0 & 0","0 & 0","0 & 0","0 & 0","0 & 0","0 & 0","0 & 0","0 & 0","x","0 & 0","0 & 0","0 & 0","0 & 0","0 & 0","0 & 0","0 & 0","0 & 0","0 & 0","0 & 0","0 & 0","0 & 0","0 & 1","0 & 0","0 & 0","0 & 0","0 & 0","0 & 0","0 & 0","1 & 0","0 & 1","0 & 0","0 & 0","0 & 0"
"HTC Mafia","0 & 0","0 & 0","0 & 1","0 & 0","0 & 0","0 & 0","0 & 0","0 & 1","0 & 1","0 & 0","0 & 0","0 & 0","1 & 0","0 & 1","2 & 0","0 & 0","0 & 0","0 & 1","0 & 2","0 & 2","1 & 0","0 & 0","0 & 0","0 & 0","0 & 0","0 & 1","0 & 0","0 & 0","0 & 0","0 & 0","0 & 0","0 & 0","0 & 0","0 & 3","0 & 0","0 & 0","0 & 0","0 & 0","0 & 0","0 & 0","0 & 0","0 & 0","0 & 0","0 & 0","0 & 0","0 & 0","0 & 0","0 & 0","0 & 0","0 & 1","0 & 0","0 & 0","0 & 0","0 & 0","0 & 0","0 & 0","0 & 0","0 & 0","0 & 0","0 & 2","0 & 0","0 & 0","0 & 0","0 & 0","1 & 0","0 & 0","0 & 0","0 & 0","0 & 0","0 & 0","0 & 0","0 & 0","0 & 0","0 & 0","0 & 0","0 & 0","x","0 & 0","0 & 0","0 & 0","0 & 0","0 & 0","0 & 0","0 & 0","0 & 0","0 & 0","0 & 0","0 & 0","0 & 0","1 & 0","0 & 0","0 & 0","1 & 1","0 & 0","1 & 0","0 & 0","0 & 0","0 & 0","0 & 0","0 & 0"
"RCS KPAN","0 & 0","0 & 0","0 & 0","0 & 0","0 & 0","0 & 0","0 & 0","0 & 0","0 & 2","0 & 0","0 & 0","0 & 1","0 & 0","0 & 0","0 & 2","0 & 0","0 & 0","0 & 0","0 & 1","0 & 2","0 & 1","0 & 0","0 & 0","0 & 0","0 & 0","0 & 0","0 & 1","0 & 0","0 & 0","0 & 0","0 & 0","0 & 0","0 & 0","0 & 0","0 & 0","0 & 0","0 & 0","0 & 0","0 & 1","0 & 0","0 & 0","0 & 0","0 & 0","0 & 0","0 & 0","0 & 0","0 & 0","0 & 1","0 & 0","0 & 0","0 & 0","0 & 0","0 & 0","0 & 0","0 & 0","0 & 0","0 & 0","0 & 0","0 & 0","1 & 1","0 & 0","0 & 0","0 & 0","0 & 0","0 & 0","1 & 0","0 & 0","0 & 0","0 & 0","0 & 0","0 & 0","0 & 0","0 & 0","0 & 0","0 & 1","0 & 0","0 & 0","x","0 & 0","0 & 0","0 & 0","0 & 0","0 & 0","0 & 0","0 & 0","0 & 0","0 & 0","0 & 0","0 & 0","0 & 0","0 & 0","0 & 0","0 & 0","0 & 0","0 & 0","0 & 0","0 & 0","0 & 0","0 & 0","0 & 0"
"SPY MacD","0 & 0","0 & 1","0 & 0","0 & 0","0 & 1","0 & 2","0 & 0","0 & 1","0 & 0","0 & 3","0 & 0","1 & 0","0 & 2","0 & 0","0 & 1","0 & 4","0 & 0","0 & 3","0 & 0","0 & 2","3 & 2","0 & 0","0 & 1","1 & 0","0 & 1","0 & 0","0 & 0","0 & 0","0 & 1","0 & 0","0 & 0","0 & 0","0 & 2","0 & 1","0 & 0","1 & 0","0 & 0","0 & 0","2 & 0","0 & 0","0 & 0","0 & 0","0 & 0","0 & 0","0 & 0","0 & 0","0 & 0","0 & 0","0 & 0","1 & 4","0 & 0","0 & 0","0 & 0","3 & 0","3 & 0","0 & 0","0 & 0","0 & 0","1 & 1","0 & 0","0 & 0","0 & 0","1 & 0","0 & 0","0 & 0","0 & 0","0 & 0","0 & 0","0 & 0","0 & 0","0 & 0","0 & 0","0 & 0","0 & 0","0 & 0","0 & 0","0 & 0","0 & 0","x","0 & 0","0 & 0","0 & 0","0 & 0","0 & 0","0 & 0","0 & 0","0 & 0","0 & 0","0 & 0","0 & 0","0 & 0","0 & 0","0 & 0","0 & 0","0 & 0","0 & 0","0 & 0","0 & 0","0 & 0","1 & 0"
"Entropy Luigi Ka-Master","0 & 0","0 & 0","0 & 0","0 & 0","0 & 1","0 & 0","0 & 0","0 & 0","0 & 0","0 & 2","0 & 0","0 & 0","0 & 0","0 & 0","1 & 0","0 & 0","0 & 0","0 & 1","0 & 0","0 & 0","1 & 0","0 & 0","0 & 0","0 & 0","0 & 0","0 & 0","0 & 0","0 & 0","0 & 0","0 & 0","0 & 0","0 & 0","0 & 0","0 & 0","0 & 0","1 & 0","0 & 3","0 & 1","0 & 1","0 & 1","0 & 0","0 & 0","0 & 0","0 & 0","0 & 0","0 & 1","0 & 0","0 & 0","0 & 0","0 & 0","0 & 0","0 & 0","4 & 0","0 & 0","0 & 0","0 & 0","0 & 0","0 & 0","0 & 0","0 & 0","0 & 0","0 & 0","0 & 0","0 & 0","0 & 0","0 & 0","0 & 0","0 & 0","0 & 0","0 & 0","0 & 0","0 & 0","0 & 0","0 & 0","0 & 0","0 & 0","0 & 0","0 & 0","0 & 0","x","0 & 0","0 & 0","0 & 0","0 & 0","0 & 0","0 & 0","0 & 0","0 & 0","0 & 0","0 & 0","0 & 0","0 & 0","0 & 0","0 & 0","0 & 0","0 & 0","0 & 0","0 & 0","0 & 0","0 & 0"
"Iceman","0 & 0","0 & 0","0 & 0","0 & 0","0 & 0","0 & 0","0 & 0","0 & 0","0 & 0","0 & 0","0 & 0","0 & 0","0 & 0","1 & 0","0 & 0","0 & 0","0 & 0","0 & 0","0 & 0","0 & 0","0 & 1","0 & 1","0 & 0","0 & 0","1 & 0","0 & 0","0 & 0","0 & 1","0 & 0","0 & 0","0 & 0","0 & 0","0 & 0","0 & 0","0 & 0","0 & 0","0 & 2","0 & 0","0 & 1","0 & 0","0 & 0","0 & 0","0 & 0","0 & 0","0 & 0","0 & 0","0 & 0","0 & 0","0 & 0","0 & 0","0 & 0","0 & 1","2 & 4","0 & 0","0 & 0","0 & 0","0 & 0","0 & 0","0 & 0","0 & 0","0 & 0","0 & 0","0 & 1","0 & 0","0 & 0","0 & 0","0 & 0","0 & 0","0 & 0","0 & 0","0 & 0","0 & 0","1 & 0","0 & 1","0 & 0","0 & 0","0 & 0","0 & 0","0 & 0","0 & 0","x","0 & 0","0 & 0","0 & 0","0 & 0","0 & 0","0 & 0","0 & 0","0 & 0","0 & 0","0 & 0","0 & 0","0 & 0","0 & 0","0 & 0","0 & 0","0 & 0","0 & 0","0 & 0","0 & 0"
"Mojo","0 & 0","0 & 0","0 & 0","0 & 0","0 & 0","0 & 0","0 & 0","0 & 0","0 & 0","0 & 0","0 & 0","0 & 0","0 & 0","0 & 0","0 & 0","0 & 0","0 & 0","0 & 0","0 & 0","0 & 0","0 & 0","0 & 0","0 & 0","0 & 0","0 & 0","0 & 0","0 & 0","0 & 0","0 & 0","0 & 0","0 & 0","0 & 0","0 & 0","0 & 0","0 & 0","0 & 0","0 & 0","0 & 0","0 & 0","0 & 0","0 & 0","0 & 0","0 & 0","0 & 0","0 & 0","0 & 0","0 & 0","0 & 0","0 & 0","2 & 1","0 & 0","0 & 0","0 & 0","0 & 0","0 & 0","0 & 0","0 & 0","0 & 0","0 & 0","0 & 0","0 & 0","0 & 0","0 & 0","0 & 0","0 & 0","0 & 0","0 & 0","0 & 0","0 & 0","0 & 0","0 & 0","0 & 0","0 & 0","0 & 0","0 & 0","0 & 0","0 & 0","0 & 0","0 & 0","0 & 0","0 & 0","x","0 & 0","0 & 0","0 & 0","0 & 0","0 & 0","0 & 0","0 & 0","0 & 0","0 & 0","0 & 0","0 & 0","0 & 0","0 & 0","0 & 0","1 & 0","0 & 0","0 & 0","0 & 0"
"Spark","0 & 0","0 & 0","0 & 0","0 & 1","0 & 0","0 & 0","0 & 0","0 & 0","0 & 0","0 & 0","0 & 1","0 & 0","0 & 0","0 & 0","0 & 0","1 & 0","0 & 0","0 & 0","0 & 0","0 & 0","0 & 4","0 & 0","0 & 0","0 & 0","0 & 0","0 & 0","0 & 0","0 & 1","0 & 1","0 & 0","0 & 1","0 & 1","0 & 1","0 & 0","0 & 0","0 & 0","0 & 0","0 & 0","1 & 1","0 & 1","0 & 0","0 & 0","0 & 0","0 & 0","0 & 0","0 & 0","0 & 0","0 & 0","0 & 0","1 & 0","0 & 0","0 & 0","0 & 0","1 & 0","0 & 0","2 & 0","0 & 1","0 & 0","0 & 0","0 & 0","0 & 0","1 & 2","0 & 1","0 & 0","0 & 0","0 & 0","0 & 0","0 & 0","0 & 0","1 & 0","0 & 0","0 & 0","0 & 0","0 & 0","0 & 0","0 & 0","0 & 0","0 & 0","0 & 0","0 & 0","0 & 0","0 & 0","x","0 & 0","0 & 0","0 & 0","0 & 1","0 & 0","0 & 0","0 & 0","1 & 0","0 & 0","0 & 0","0 & 0","0 & 0","0 & 0","0 & 0","0 & 0","0 & 0","0 & 0"
"Spire Reeve","0 & 0","0 & 0","0 & 0","0 & 0","0 & 0","0 & 0","0 & 0","0 & 0","0 & 0","0 & 0","0 & 0","0 & 0","0 & 0","0 & 0","0 & 0","0 & 0","0 & 0","0 & 0","0 & 0","0 & 0","0 & 0","0 & 1","0 & 0","0 & 0","0 & 2","0 & 0","0 & 0","0 & 0","0 & 0","0 & 0","0 & 1","0 & 1","0 & 0","0 & 0","0 & 0","0 & 0","0 & 0","0 & 0","0 & 0","0 & 0","0 & 0","0 & 0","0 & 0","0 & 0","1 & 4","0 & 0","0 & 1","0 & 0","0 & 0","0 & 0","0 & 0","0 & 1","0 & 0","0 & 0","0 & 0","0 & 0","0 & 0","0 & 0","0 & 0","0 & 0","0 & 0","0 & 0","0 & 0","1 & 2","0 & 0","0 & 0","0 & 0","0 & 0","0 & 0","0 & 0","0 & 0","1 & 0","3 & 0","0 & 1","0 & 0","0 & 0","0 & 0","0 & 0","0 & 0","0 & 0","0 & 0","0 & 0","0 & 0","x","0 & 0","0 & 0","0 & 0","0 & 0","0 & 0","0 & 0","0 & 0","0 & 0","0 & 0","0 & 0","0 & 0","0 & 0","0 & 0","0 & 0","0 & 0","0 & 0"
"Bobby Frizz","0 & 0","0 & 0","0 & 0","0 & 0","0 & 0","0 & 0","0 & 0","0 & 0","0 & 0","0 & 0","0 & 0","0 & 0","1 & 0","0 & 0","0 & 0","0 & 0","0 & 0","0 & 0","0 & 0","0 & 1","0 & 0","0 & 0","0 & 0","0 & 0","0 & 0","0 & 0","0 & 0","0 & 1","0 & 1","1 & 0","0 & 0","0 & 0","0 & 0","0 & 0","0 & 0","0 & 1","0 & 1","0 & 0","0 & 0","0 & 0","0 & 1","0 & 0","0 & 0","0 & 1","0 & 0","0 & 0","0 & 0","0 & 0","0 & 0","0 & 0","0 & 0","0 & 0","0 & 0","0 & 0","1 & 0","0 & 0","0 & 0","0 & 0","0 & 0","0 & 0","0 & 0","0 & 0","0 & 0","0 & 0","0 & 0","0 & 0","0 & 0","0 & 0","0 & 0","0 & 0","0 & 0","0 & 0","0 & 0","0 & 0","0 & 0","0 & 0","0 & 0","0 & 0","0 & 0","0 & 0","0 & 0","0 & 0","0 & 0","0 & 0","x","0 & 0","0 & 0","0 & 0","0 & 0","0 & 0","0 & 0","0 & 0","0 & 0","0 & 0","0 & 0","0 & 0","0 & 1","0 & 0","0 & 0","0 & 0"
"Jerry","0 & 0","0 & 0","0 & 0","0 & 0","0 & 0","0 & 0","0 & 1","0 & 0","0 & 0","0 & 0","0 & 0","0 & 0","0 & 0","0 & 0","0 & 0","0 & 0","0 & 0","0 & 0","0 & 0","0 & 0","0 & 0","0 & 0","0 & 1","0 & 0","0 & 0","0 & 0","0 & 0","1 & 0","0 & 0","0 & 0","0 & 0","0 & 0","0 & 0","0 & 0","0 & 0","0 & 0","0 & 0","0 & 0","0 & 0","0 & 0","0 & 0","0 & 0","0 & 0","0 & 0","0 & 0","0 & 0","0 & 0","0 & 1","0 & 0","2 & 0","0 & 0","0 & 0","0 & 0","0 & 0","0 & 0","0 & 0","0 & 0","0 & 0","0 & 0","0 & 0","0 & 0","0 & 0","0 & 0","0 & 0","0 & 0","0 & 0","0 & 0","0 & 0","0 & 0","0 & 0","0 & 0","0 & 0","0 & 0","0 & 0","0 & 0","0 & 0","0 & 0","0 & 0","0 & 0","0 & 0","0 & 0","0 & 0","0 & 0","0 & 0","0 & 0","x","0 & 0","0 & 0","0 & 0","0 & 0","0 & 0","0 & 0","0 & 0","0 & 0","0 & 0","0 & 0","0 & 0","0 & 0","0 & 0","0 & 0"
"Kalamazhu","0 & 0","0 & 0","0 & 0","0 & 0","0 & 0","0 & 0","0 & 0","0 & 0","0 & 0","0 & 0","0 & 0","0 & 0","0 & 0","0 & 0","0 & 0","0 & 0","0 & 0","0 & 0","0 & 0","0 & 0","1 & 0","0 & 0","0 & 0","0 & 0","0 & 1","0 & 0","0 & 0","0 & 0","0 & 0","0 & 0","0 & 0","0 & 0","0 & 0","0 & 0","0 & 1","0 & 0","0 & 0","0 & 0","0 & 0","0 & 0","0 & 0","0 & 0","0 & 0","0 & 0","0 & 0","0 & 0","0 & 0","0 & 0","0 & 0","0 & 1","0 & 1","0 & 0","0 & 0","0 & 2","0 & 0","0 & 0","0 & 0","0 & 0","0 & 0","0 & 0","0 & 0","0 & 0","0 & 0","1 & 0","0 & 0","0 & 0","0 & 0","0 & 0","0 & 0","0 & 0","0 & 0","0 & 1","0 & 0","0 & 0","0 & 0","0 & 0","0 & 0","0 & 0","0 & 0","0 & 0","0 & 0","0 & 0","1 & 0","0 & 0","0 & 0","0 & 0","x","0 & 0","0 & 0","0 & 0","0 & 0","0 & 0","0 & 0","0 & 0","0 & 0","0 & 0","0 & 0","0 & 0","0 & 0","0 & 0"
"TGL Blea Gelo","0 & 0","0 & 0","0 & 0","0 & 0","0 & 0","0 & 0","0 & 1","0 & 0","0 & 0","0 & 0","0 & 0","0 & 0","0 & 0","0 & 0","0 & 0","0 & 0","0 & 0","0 & 1","0 & 1","0 & 1","0 & 0","0 & 0","0 & 0","0 & 0","0 & 0","0 & 0","0 & 0","0 & 1","0 & 0","0 & 0","0 & 1","0 & 0","0 & 0","0 & 0","1 & 0","0 & 0","0 & 0","0 & 0","0 & 0","0 & 0","0 & 0","0 & 1","0 & 0","0 & 0","0 & 0","0 & 0","0 & 0","0 & 0","0 & 0","0 & 0","0 & 0","0 & 0","0 & 0","0 & 0","0 & 0","0 & 0","0 & 0","0 & 0","0 & 0","0 & 2","0 & 0","0 & 1","0 & 0","0 & 0","0 & 0","0 & 0","0 & 0","0 & 0","0 & 0","0 & 0","0 & 0","0 & 0","0 & 0","0 & 0","0 & 0","0 & 0","0 & 0","0 & 0","0 & 0","0 & 0","0 & 0","0 & 0","0 & 0","0 & 0","0 & 0","0 & 0","0 & 0","x","0 & 0","0 & 0","0 & 0","0 & 0","0 & 0","0 & 0","0 & 0","0 & 0","0 & 0","0 & 0","0 & 0","0 & 0"
"OES MilkMan","0 & 0","0 & 0","0 & 0","0 & 0","0 & 1","0 & 0","0 & 0","0 & 0","0 & 0","0 & 0","0 & 0","0 & 0","0 & 0","0 & 0","0 & 0","0 & 0","0 & 0","0 & 0","0 & 0","0 & 0","0 & 1","0 & 0","0 & 0","0 & 0","0 & 0","0 & 0","0 & 0","0 & 0","0 & 0","0 & 0","0 & 0","0 & 0","0 & 0","0 & 0","0 & 0","0 & 1","0 & 0","0 & 0","2 & 0","0 & 0","0 & 0","0 & 1","0 & 0","0 & 0","0 & 0","0 & 0","0 & 0","0 & 0","0 & 0","0 & 0","0 & 0","0 & 0","0 & 0","0 & 0","0 & 0","0 & 0","0 & 0","0 & 0","0 & 0","0 & 0","0 & 0","0 & 0","0 & 0","0 & 0","0 & 0","0 & 0","0 & 0","0 & 0","0 & 0","0 & 0","0 & 0","0 & 0","0 & 0","0 & 1","0 & 0","1 & 0","0 & 0","0 & 0","0 & 0","0 & 0","0 & 0","0 & 0","0 & 0","0 & 0","0 & 0","0 & 0","0 & 0","0 & 0","x","0 & 0","0 & 0","0 & 0","0 & 0","0 & 0","0 & 0","0 & 0","1 & 0","0 & 0","0 & 0","0 & 0"
"Zealous5000","0 & 0","0 & 0","0 & 0","0 & 0","0 & 0","0 & 0","0 & 0","0 & 0","0 & 0","0 & 0","0 & 0","0 & 0","0 & 1","0 & 0","0 & 1","0 & 0","0 & 0","0 & 0","0 & 2","0 & 0","0 & 0","0 & 0","0 & 0","0 & 0","0 & 0","0 & 0","0 & 0","0 & 2","0 & 1","0 & 0","0 & 1","0 & 2","0 & 0","0 & 0","0 & 0","0 & 1","0 & 0","0 & 0","0 & 1","0 & 0","0 & 0","0 & 0","0 & 0","0 & 0","0 & 0","0 & 0","0 & 0","1 & 0","0 & 0","1 & 0","0 & 0","0 & 0","0 & 0","0 & 0","0 & 0","0 & 0","0 & 0","0 & 0","0 & 0","0 & 0","0 & 0","0 & 0","0 & 0","0 & 0","0 & 0","0 & 0","0 & 0","0 & 0","0 & 0","0 & 0","0 & 0","0 & 0","0 & 0","0 & 0","0 & 0","0 & 0","0 & 1","0 & 0","0 & 0","0 & 0","0 & 0","0 & 0","0 & 0","0 & 0","0 & 0","0 & 0","0 & 0","0 & 0","0 & 0","x","0 & 0","0 & 0","0 & 0","1 & 1","0 & 0","0 & 0","0 & 0","0 & 0","0 & 0","0 & 1"
"L","0 & 0","0 & 0","0 & 0","0 & 0","0 & 0","0 & 0","0 & 0","0 & 0","0 & 0","0 & 0","0 & 1","0 & 0","0 & 0","0 & 0","0 & 0","0 & 0","0 & 0","0 & 1","0 & 0","0 & 0","0 & 0","0 & 0","0 & 0","0 & 0","0 & 0","0 & 0","0 & 0","0 & 0","0 & 0","0 & 0","0 & 0","0 & 0","0 & 0","0 & 1","0 & 0","0 & 0","0 & 0","0 & 0","0 & 0","0 & 0","0 & 0","0 & 0","0 & 0","0 & 0","0 & 0","0 & 0","0 & 0","0 & 0","0 & 0","0 & 0","0 & 0","0 & 0","0 & 0","0 & 0","0 & 0","0 & 1","0 & 0","0 & 0","0 & 0","0 & 0","0 & 0","0 & 1","0 & 0","0 & 0","0 & 0","0 & 0","0 & 0","0 & 0","0 & 0","0 & 0","0 & 0","0 & 0","0 & 0","0 & 0","0 & 0","0 & 0","0 & 0","0 & 0","0 & 0","0 & 0","0 & 0","0 & 0","0 & 1","0 & 0","0 & 0","0 & 0","0 & 0","0 & 0","0 & 0","0 & 0","x","0 & 0","0 & 0","0 & 0","0 & 0","0 & 0","0 & 0","0 & 0","0 & 0","0 & 0"
"Trulliam","0 & 0","0 & 0","0 & 0","0 & 0","0 & 0","0 & 0","0 & 0","0 & 0","0 & 0","0 & 0","0 & 0","0 & 0","0 & 0","0 & 0","0 & 0","0 & 1","0 & 1","0 & 0","0 & 0","0 & 0","0 & 1","0 & 0","0 & 0","0 & 0","0 & 0","0 & 1","1 & 1","0 & 0","0 & 0","0 & 0","0 & 0","0 & 1","0 & 0","0 & 0","0 & 1","0 & 0","0 & 0","0 & 0","0 & 0","1 & 0","0 & 0","0 & 0","0 & 0","0 & 0","0 & 0","0 & 0","0 & 0","0 & 1","0 & 0","0 & 0","0 & 0","0 & 0","0 & 0","0 & 0","0 & 0","1 & 0","0 & 0","0 & 0","0 & 1","0 & 0","0 & 0","0 & 0","0 & 0","0 & 0","0 & 0","0 & 0","0 & 0","0 & 0","1 & 0","0 & 0","0 & 1","1 & 0","1 & 0","0 & 0","0 & 0","0 & 0","0 & 0","0 & 0","0 & 0","0 & 0","0 & 0","0 & 0","0 & 0","0 & 0","0 & 0","0 & 0","0 & 0","0 & 0","0 & 0","0 & 0","0 & 0","x","0 & 0","0 & 0","0 & 0","0 & 0","0 & 0","0 & 0","0 & 0","0 & 0"
"MKSF Ryobeat","0 & 0","0 & 0","0 & 1","0 & 0","0 & 1","0 & 0","0 & 0","0 & 0","0 & 0","0 & 0","0 & 0","0 & 0","0 & 0","0 & 0","0 & 1","0 & 0","0 & 0","0 & 1","0 & 2","0 & 0","0 & 0","0 & 0","0 & 0","0 & 0","0 & 0","0 & 1","0 & 1","0 & 0","0 & 0","0 & 0","0 & 1","0 & 0","0 & 0","0 & 3","0 & 0","0 & 0","0 & 0","0 & 0","0 & 0","0 & 0","0 & 0","1 & 2","0 & 2","0 & 0","0 & 0","0 & 0","0 & 0","0 & 0","0 & 0","0 & 1","0 & 0","0 & 0","0 & 0","0 & 0","0 & 0","0 & 0","0 & 0","0 & 0","0 & 0","0 & 0","0 & 0","0 & 0","0 & 0","0 & 0","2 & 0","1 & 4","0 & 0","0 & 1","0 & 0","0 & 0","0 & 0","0 & 0","0 & 0","0 & 0","0 & 1","0 & 0","1 & 1","0 & 0","0 & 0","0 & 0","0 & 0","0 & 0","0 & 0","0 & 0","0 & 0","0 & 0","0 & 0","0 & 0","0 & 0","0 & 0","0 & 0","0 & 0","x","2 & 0","0 & 0","0 & 0","0 & 0","0 & 0","0 & 0","0 & 0"
"mayb","0 & 1","0 & 0","0 & 0","0 & 0","0 & 0","0 & 0","0 & 0","0 & 0","0 & 0","0 & 0","0 & 0","0 & 0","0 & 0","0 & 0","0 & 0","0 & 0","0 & 0","0 & 1","0 & 0","0 & 0","0 & 0","0 & 0","0 & 0","0 & 0","0 & 0","0 & 0","0 & 0","0 & 1","0 & 0","0 & 0","0 & 1","0 & 0","0 & 0","0 & 1","0 & 0","0 & 0","0 & 0","0 & 0","0 & 0","0 & 0","0 & 0","0 & 1","1 & 2","0 & 0","0 & 0","0 & 0","0 & 0","0 & 0","0 & 0","0 & 2","0 & 0","1 & 0","0 & 0","0 & 0","0 & 0","0 & 0","0 & 0","0 & 0","0 & 1","0 & 0","0 & 0","0 & 0","1 & 0","0 & 0","0 & 0","0 & 3","0 & 0","0 & 0","0 & 0","0 & 0","0 & 0","0 & 0","0 & 0","0 & 0","0 & 0","0 & 0","0 & 0","0 & 0","0 & 0","0 & 0","0 & 0","0 & 0","0 & 0","0 & 0","0 & 0","0 & 0","0 & 0","0 & 0","0 & 0","1 & 1","0 & 0","0 & 0","0 & 2","x","0 & 0","0 & 0","0 & 0","0 & 0","0 & 0","0 & 0"
"Sharkz","0 & 0","0 & 0","0 & 0","0 & 0","0 & 0","0 & 0","0 & 0","0 & 0","0 & 0","0 & 0","0 & 0","0 & 1","0 & 0","0 & 0","0 & 1","0 & 0","0 & 0","0 & 1","0 & 0","0 & 1","0 & 0","1 & 0","0 & 0","0 & 0","0 & 0","0 & 1","0 & 0","0 & 0","0 & 0","0 & 0","0 & 1","0 & 0","0 & 0","0 & 0","0 & 0","0 & 0","0 & 0","0 & 0","0 & 0","0 & 0","0 & 0","0 & 0","0 & 0","0 & 0","0 & 0","0 & 0","0 & 0","1 & 1","0 & 0","0 & 0","0 & 0","0 & 0","0 & 0","0 & 0","0 & 0","0 & 0","0 & 0","0 & 0","0 & 0","0 & 0","0 & 1","0 & 0","0 & 0","0 & 0","0 & 0","0 & 0","0 & 0","0 & 0","0 & 0","0 & 0","0 & 0","0 & 0","0 & 0","0 & 0","0 & 0","0 & 0","0 & 1","0 & 0","0 & 0","0 & 0","0 & 0","0 & 0","0 & 0","0 & 0","0 & 0","0 & 0","0 & 0","0 & 0","0 & 0","0 & 0","0 & 0","0 & 0","0 & 0","0 & 0","x","0 & 0","0 & 0","0 & 0","0 & 0","0 & 0"
"BOXR Zhu","0 & 0","0 & 0","0 & 0","0 & 0","0 & 1","0 & 0","0 & 0","0 & 0","0 & 0","0 & 0","0 & 2","0 & 1","0 & 0","0 & 0","0 & 0","0 & 0","0 & 0","0 & 0","0 & 0","0 & 0","0 & 0","0 & 0","0 & 0","0 & 0","0 & 0","0 & 0","0 & 0","0 & 2","0 & 0","0 & 0","0 & 0","0 & 0","0 & 0","0 & 0","0 & 0","0 & 0","0 & 0","0 & 0","0 & 1","0 & 0","0 & 0","0 & 0","0 & 0","0 & 0","0 & 0","0 & 0","0 & 0","0 & 0","0 & 0","0 & 0","0 & 0","0 & 0","0 & 0","0 & 0","0 & 0","0 & 0","0 & 0","0 & 0","1 & 0","0 & 0","0 & 0","0 & 1","0 & 0","0 & 0","0 & 0","0 & 0","0 & 0","0 & 0","0 & 0","0 & 0","0 & 0","0 & 0","0 & 0","0 & 0","0 & 0","0 & 1","0 & 0","0 & 0","0 & 0","0 & 0","0 & 0","0 & 0","0 & 0","0 & 0","0 & 0","0 & 0","0 & 0","0 & 0","0 & 0","0 & 0","0 & 0","0 & 0","0 & 0","0 & 0","0 & 0","x","0 & 0","0 & 0","0 & 0","0 & 0"
"Bananas","0 & 0","0 & 0","0 & 0","0 & 0","0 & 1","0 & 0","0 & 0","0 & 0","0 & 0","0 & 1","0 & 0","0 & 0","0 & 1","0 & 0","0 & 0","0 & 0","0 & 0","0 & 0","0 & 0","0 & 0","0 & 1","0 & 0","0 & 0","0 & 0","0 & 1","0 & 0","0 & 0","0 & 0","0 & 0","0 & 0","0 & 0","0 & 0","0 & 0","0 & 0","0 & 0","1 & 0","0 & 0","0 & 0","0 & 1","0 & 0","0 & 0","0 & 0","0 & 0","0 & 0","0 & 0","0 & 0","0 & 0","0 & 0","0 & 0","0 & 0","0 & 0","0 & 1","0 & 0","0 & 0","0 & 0","0 & 0","0 & 0","0 & 0","0 & 0","0 & 0","0 & 0","0 & 0","0 & 0","0 & 0","0 & 0","0 & 0","0 & 0","0 & 0","0 & 0","0 & 1","0 & 0","0 & 0","0 & 0","0 & 1","0 & 0","1 & 0","0 & 0","0 & 0","0 & 0","0 & 0","0 & 0","0 & 1","0 & 0","0 & 0","1 & 0","0 & 0","0 & 0","0 & 0","0 & 1","0 & 0","0 & 0","0 & 0","0 & 0","0 & 0","0 & 0","0 & 0","x","0 & 0","0 & 0","0 & 0"
"Zgetto","0 & 0","0 & 1","0 & 0","0 & 0","0 & 0","0 & 0","0 & 0","0 & 0","0 & 1","0 & 0","0 & 0","0 & 2","0 & 1","0 & 0","0 & 0","0 & 0","0 & 0","0 & 0","0 & 0","0 & 0","0 & 0","0 & 0","0 & 0","0 & 0","0 & 0","0 & 0","0 & 0","0 & 0","0 & 0","0 & 0","0 & 0","0 & 0","0 & 0","0 & 0","0 & 0","0 & 0","0 & 0","1 & 3","0 & 0","0 & 0","1 & 1","0 & 0","0 & 0","0 & 0","0 & 0","1 & 0","0 & 0","0 & 0","0 & 0","0 & 0","0 & 0","0 & 0","0 & 0","0 & 0","0 & 0","0 & 0","0 & 0","0 & 0","0 & 0","0 & 0","0 & 0","0 & 0","0 & 0","0 & 0","0 & 0","0 & 0","0 & 0","0 & 0","0 & 0","0 & 0","0 & 0","0 & 0","0 & 0","0 & 0","0 & 0","0 & 0","0 & 0","0 & 0","0 & 0","0 & 0","0 & 0","0 & 0","0 & 0","0 & 0","0 & 0","0 & 0","0 & 0","0 & 0","0 & 0","0 & 0","0 & 0","0 & 0","0 & 0","0 & 0","0 & 0","0 & 0","0 & 0","x","0 & 0","0 & 0"
"lovage805","0 & 0","0 & 0","0 & 0","0 & 0","0 & 0","0 & 0","0 & 0","0 & 0","0 & 0","0 & 0","0 & 0","0 & 0","0 & 0","0 & 0","0 & 0","0 & 0","0 & 0","0 & 0","0 & 0","0 & 0","0 & 0","0 & 0","0 & 0","0 & 0","0 & 0","0 & 0","0 & 0","0 & 0","0 & 0","0 & 0","0 & 0","0 & 0","0 & 0","0 & 0","0 & 0","0 & 0","0 & 0","0 & 0","0 & 0","0 & 0","0 & 0","0 & 0","0 & 0","0 & 0","0 & 0","0 & 0","0 & 0","0 & 0","0 & 0","0 & 0","0 & 0","0 & 0","0 & 0","0 & 0","0 & 0","0 & 0","0 & 0","0 & 0","0 & 0","0 & 0","0 & 0","0 & 0","0 & 0","0 & 0","0 & 0","0 & 0","0 & 0","0 & 1","0 & 0","0 & 0","0 & 0","0 & 0","0 & 0","0 & 0","0 & 0","0 & 0","0 & 0","0 & 0","0 & 0","0 & 0","0 & 0","0 & 0","0 & 0","0 & 0","0 & 0","0 & 0","0 & 0","0 & 0","0 & 0","0 & 0","0 & 0","0 & 0","0 & 0","0 & 0","0 & 0","0 & 0","0 & 0","0 & 0","x","0 & 0"
"EMG Nightmare","0 & 1","0 & 0","0 & 0","0 & 0","0 & 0","0 & 0","0 & 0","0 & 0","0 & 0","0 & 0","0 & 0","0 & 0","0 & 0","0 & 0","0 & 0","0 & 1","0 & 0","0 & 0","0 & 0","0 & 1","0 & 1","0 & 0","0 & 1","0 & 0","0 & 0","0 & 0","2 & 2","0 & 0","0 & 0","0 & 0","0 & 0","0 & 1","0 & 0","0 & 0","0 & 0","0 & 0","0 & 1","0 & 0","0 & 0","0 & 0","0 & 0","0 & 1","0 & 0","0 & 0","0 & 0","0 & 0","0 & 0","1 & 0","0 & 0","0 & 1","0 & 0","0 & 0","0 & 0","0 & 0","0 & 0","0 & 0","0 & 0","0 & 0","0 & 1","0 & 0","0 & 0","0 & 0","0 & 0","1 & 0","0 & 0","0 & 0","0 & 0","0 & 0","1 & 1","1 & 0","0 & 0","0 & 1","0 & 0","0 & 1","0 & 0","0 & 0","0 & 0","0 & 0","0 & 1","0 & 0","0 & 0","0 & 0","0 & 0","0 & 0","0 & 0","0 & 0","0 & 0","0 & 0","0 & 0","1 & 0","0 & 0","0 & 0","0 & 0","0 & 0","0 & 0","0 & 0","0 & 0","0 & 0","0 & 0","x"
